ticker,name,market,exchange,locale,primary_exchange,currency_name,market_cap,sic_description,homepage_url,description,summary_zh,source,updated_at
AAPL,Apple Inc.,stocks,AAPL,us,XNAS,usd,4376978961560.0,ELECTRONIC COMPUTERS,https://www.apple.com,"Apple is among the largest companies in the world, with a broad portfolio of hardware and software products targeted at consumers and businesses. Apple's iPhone accounts for the majority of the firm's sales, and Apple's other products, such as the Mac, iPad, and Watch, are designed around the iPhone as the focal point of an expansive software ecosystem. Apple has progressively worked to add new applications, such as streaming video, subscription bundles, and augmented reality. The firm designs its own software and semiconductors and works with subcontractors such as Foxconn and TSMC to build its products and chips. Slightly less than half of Apple's sales come directly through its flagship stores, with the majority coming indirectly through partnerships and distribution.",苹果是世界上最大的公司之一，拥有面向消费者和企业的广泛的硬件和软件产品组合。苹果公司的 iPhone 占据了该公司销售额的大部分，而苹果公司的其他产品，如 Mac、iPad 和 Watch，都是围绕 iPhone 设计的，作为一个广阔的软件生态系统的焦点。苹果公司已逐步致力于添加新的应用程序，例如流媒体视频、订阅捆绑包和增强现实。该公司设计自己的软件和半导体，并与富士康和台积电等分包商合作生产其产品和芯片。苹果销售额的一半不到直接来自其旗舰店，大部分是通过合作伙伴和分销间接获得的。,Polygon,2026-06-23T18:29:36
ABNB,"Airbnb, Inc. Class A Common Stock",stocks,ABNB,us,XNAS,usd,84521036084.43,SERVICES-TO DWELLINGS & OTHER BUILDINGS,https://www.airbnb.com,"Airbnb is the world's largest online alternative accommodation travel agency; it also offers booking services for boutique hotels, experiences, and hotel-like services. Airbnb's platform offers over 9 million active accommodation listings. Listings from the company's 5 million-plus hosts are spread over almost every country in the world. In 2025, 42% of revenue was from North America, 39% from Europe, the Middle East, and Africa, 10% from Latin America, and 9% from Asia-Pacific. Transaction fees for online bookings account for all its revenue.",Airbnb是全球最大的在线另类住宿旅行社；它还提供精品酒店、体验和酒店式服务的预订服务。 Airbnb 的平台提供超过 900 万个活跃的住宿列表。该公司超过 500 万个主机的列表几乎遍布世界每个国家。 2025年，42%的收入来自北美，39%来自欧洲、中东和非洲，10%来自拉丁美洲，9%来自亚太地区。在线预订的交易费用占其全部收入。,Polygon,2026-06-23T18:29:36
ADBE,Adobe Inc.,stocks,ADBE,us,XNAS,usd,77576100000.0,SERVICES-PREPACKAGED SOFTWARE,https://www.adobe.com,"Adobe provides content creation, document management, and digital marketing and advertising software and services to creative professionals and marketers for creating, managing, delivering, measuring, optimizing, and engaging with compelling content multiple operating systems, devices, and media. The company operates with three segments: digital media content creation, digital experience for marketing solutions, and publishing for legacy products (less than 5% of revenue).",Adobe 为创意专业人士和营销人员提供内容创建、文档管理以及数字营销和广告软件和服务，用于在多个操作系统、设备和媒体上创建、管理、交付、衡量、优化和互动引人注目的内容。该公司运营三个部门：数字媒体内容创作、营销解决方案的数字体验以及传统产品的发布（不到收入的 5%）。,Polygon,2026-06-23T18:29:36
ADI,"Analog Devices, Inc.",stocks,ADI,us,XNAS,usd,211619835398.4,SEMICONDUCTORS & RELATED DEVICES,https://www.analog.com,"Analog Devices is a leading analog, mixed-signal, and digital-signal processing chipmaker. The firm has a significant market share lead in converter chips, which are used to translate analog signals to digital and vice versa. The company serves tens of thousands of customers; more than half of its chip sales are to industrial and automotive end markets. ADI's chips are also incorporated into wireless infrastructure equipment.",Analog Devices 是领先的模拟、混合信号和数字信号处理芯片厂商。公司在转换器芯片领域拥有显著市场份额，这类芯片用于在模拟信号和数字信号之间进行转换。ADI 服务数万家客户，超过一半的芯片销售来自工业和汽车终端市场，其芯片也被用于无线基础设施设备。,Polygon,2026-06-23T18:29:36
ADP,Automatic Data Processing,stocks,ADP,us,XNAS,usd,87305964531.62,SERVICES-COMPUTER PROCESSING & DATA PREPARATION,https://www.adp.com,"Automatic Data Processing, or ADP, is a global, cloud-based human capital management provider offering payroll, compliance, talent management, benefits administration, and retirement services. The firm also provides HR outsourcing services, including PEO offerings, enabling clients to reduce HR overhead. Its broad suite serves customers of all sizes across diverse sectors, and the firm holds large market shares in its core markets. As of fiscal 2025, ADP counts over 1.1 million clients and manages payroll for more than 42 million workers across 140 countries.",自动数据处理 (ADP) 是一家基于云的全球人力资本管理提供商，提供薪资、合规性、人才管理、福利管理和退休服务。该公司还提供人力资源外包服务，包括 PEO 产品，帮助客户减少人力资源开销。其广泛的服务为不同行业的各种规模的客户提供服务，并且该公司在其核心市场中拥有巨大的市场份额。截至 2025 财年，ADP 拥有超过 110 万客户，并为 140 个国家/地区超过 4200 万名员工管理工资。,Polygon,2026-06-23T18:29:36
ADSK,Autodesk Inc,stocks,ADSK,us,XNAS,usd,40924172548.82,SERVICES-PREPACKAGED SOFTWARE,https://www.autodesk.com,"Founded in 1982, Autodesk is a multinational software company best known for pioneering computer-aided design, or CAD, with its AutoCAD product. Nowadays, Autodesk provides design software for a variety of verticals, including architecture & construction, manufacturing, and media & entertainment. Autodesk products have been used in some of the world's most iconic landmarks, like Burj Khalifa, and well-known movie titles like Avatar.",Autodesk 成立于 1982 年，是一家跨国软件公司，以其 AutoCAD 产品开创计算机辅助设计 (CAD) 领域而闻名。如今，Autodesk 为各种垂直行业提供设计软件，包括建筑和施工、制造以及媒体和娱乐。 Autodesk 产品已用于一些世界上最具标志性的地标建筑（例如哈利法塔）和著名电影（例如《阿凡达》）。,Polygon,2026-06-23T18:29:36
AEP,"American Electric Power Company, Inc.",stocks,AEP,us,XNAS,usd,69476771536.08,ELECTRIC SERVICES,https://www.aep.com,"American Electric Power is one of the largest regulated utilities in the United States, providing electricity generation, transmission, and distribution to more than 5 million customers in 11 states. About 39% of AEP's capacity is coal, with the remainder from a mix of natural gas (28%), renewable energy and hydro (23%), nuclear (7%), and demand response (3%). Vertically integrated utilities, transmission and distribution, and generation and marketing support earnings.",美国电力公司是美国最大的受监管公用事业公司之一，为 11 个州的超过 500 万客户提供发电、输电和配电服务。 AEP 产能中约 39% 为煤炭，其余为天然气 (28%)、可再生能源和水力 (23%)、核能 (7%) 和需求响应 (3%)。垂直整合的公用事业、输电和配电、发电和营销支持盈利。,Polygon,2026-06-23T18:29:36
ALAB,"Astera Labs, Inc. Common Stock",stocks,ALAB,us,XNAS,usd,71489109118.73,SEMICONDUCTORS & RELATED DEVICES,https://www.asteralabs.com,"Astera Labs Inc designs and delivers semiconductor-based connectivity solutions for cloud and AI infrastructure. Its Intelligent Connectivity Platform integrates semiconductor technology, microcontrollers, sensors, and software to enhance performance, scalability, and data management. The company offers products such as integrated circuits (ICs), boards, and modules, catering to hyperscalers and system OEMs. The company's solutions focus on data, network, and memory management in AI-driven platforms. Geographically, the company operates in Singapore, China, Taiwan, and United States, of which maximum revenue is derived from United States.",Astera Labs 设计并提供面向云计算和 AI 基础设施的半导体连接解决方案。公司的智能连接平台整合半导体技术、微控制器、传感器和软件，以提升性能、可扩展性和数据管理能力。其产品包括集成电路、板卡和模块，主要面向超大规模云厂商和系统 OEM，应用集中在 AI 平台的数据、网络和内存管理。,Polygon,2026-06-23T18:29:36
ALNY,"Alnylam Pharmaceuticals, Inc.",stocks,ALNY,us,XNAS,usd,37128511425.57,PHARMACEUTICAL PREPARATIONS,https://www.alnylam.com,"Alnylam Pharmaceuticals is a leader in the study of RNA interference (RNAi) therapeutics. RNAi is a naturally occurring biological pathway within cells for sequence-specific silencing and regulation of gene expression. Alnylam's commercial RNAi therapeutic products include Onpattro and Amvuttra (for hATTR amyloidosis), Givlaari (for acute hepatic porphyria), and Oxlumo (for primary hyperoxaluria type 1), all developed and commercialized by Alnylam. Plus, Leqvio (for hypercholesterolemia) and Qfitlia (for hemophilia A or B), which are being commercialized by Alnylam's partners, Novartis and Sanofi, respectively. It also has several clinical programs across various therapeutic areas, including cardio-metabolic diseases, neuroscience, and hematology.",Alnylam Pharmaceuticals 是 RNA 干扰 (RNAi) 疗法研究领域的领导者。 RNAi 是细胞内自然发生的生物途径，用于序列特异性沉默和基因表达调节。 Alnylam 的商业 RNAi 治疗产品包括 Onpattro 和 Amvuttra（用于 hATTR 淀粉样变性）、Givlaari（用于急性肝卟啉症）和 Oxlumo（用于原发性高草酸尿症 1 型），均由 Alnylam 开发和商业化。另外，Leqvio（用于高胆固醇血症）和 Qfitlia（用于血友病 A 或 B）分别由 Alnylam 的合作伙伴诺华（Novartis）和赛诺菲（Sanofi）进行商业化。它还拥有多个跨不同治疗领域的临床项目，包括心脏代谢疾病、神经科学和血液学。,Polygon,2026-06-23T18:29:36
AMAT,Applied Materials Inc,stocks,AMAT,us,XNAS,usd,489960303847.3,SEMICONDUCTORS & RELATED DEVICES,https://www.appliedmaterials.com,"Applied Materials is the largest semiconductor wafer fabrication equipment manufacturer in the world. It has a broad portfolio spanning nearly every corner of the WFE ecosystem. Applied Materials holds leading market share in deposition, which entails the layering of new materials on semiconductor wafers. It is more exposed to general-purpose logic chips made at integrated device manufacturers and foundries. It counts the largest chipmakers in the world as customers, including TSMC, Intel, and Samsung.",Applied Materials 是全球最大的半导体晶圆制造设备厂商。公司产品覆盖晶圆制造设备生态的大部分环节，并在沉积设备领域占据领先份额，沉积工艺用于在半导体晶圆上形成新材料层。公司业务更偏向由 IDM 和晶圆代工厂制造的通用逻辑芯片，主要客户包括台积电、英特尔和三星等全球大型芯片制造商。,Polygon,2026-06-23T18:29:36
AMD,Advanced Micro Devices,stocks,AMD,us,XNAS,usd,876235865379.43,SEMICONDUCTORS & RELATED DEVICES,https://www.amd.com,"Advanced Micro Devices designs a variety of digital semiconductors for markets such as PCs, gaming consoles, data centers (including artificial intelligence), industrial, and automotive applications. AMD's traditional strength was in central processing units and graphics processing units used in PCs and data centers. However, AMD is emerging as a prominent player in AI GPUs and related hardware. Additionally, the firm supplies the chips found in prominent game consoles such as the Sony PlayStation and Microsoft Xbox.",Advanced Micro Devices 为 PC、游戏机、数据中心（包括人工智能）、工业和汽车应用等市场设计各种数字半导体。 AMD 的传统优势在于个人电脑和数据中心使用的中央处理器和图形处理单元。然而，AMD 正在成为 AI GPU 和相关硬件领域的重要参与者。此外，该公司还供应索尼 PlayStation 和微软 Xbox 等著名游戏机中使用的芯片。,Polygon,2026-06-23T18:29:36
AMGN,Amgen Inc,stocks,AMGN,us,XNAS,usd,182205513302.40002,"BIOLOGICAL PRODUCTS, (NO DIAGNOSTIC SUBSTANCES)",https://www.amgen.com,"Amgen is a leader in biotechnology-based human therapeutics. Flagship drugs include red blood cell boosters Epogen and Aranesp, immune system boosters Neupogen and Neulasta, and Enbrel and Otezla for inflammatory diseases. Amgen introduced its first cancer therapeutic, Vectibix, in 2006 and markets bone-strengthening drugs Prolia/Xgeva (approved 2010) and Evenity (2019). The acquisition of Onyx Pharmaceuticals bolstered the firm's therapeutic oncology portfolio with Kyprolis. Recent launches include Repatha (cholesterol-lowering), Aimovig (migraine), Lumakras (lung cancer), and Tezspire (asthma). The 2023 Horizon acquisition brought several rare-disease drugs, including thyroid eye disease drug Tepezza. Amgen also has a growing biosimilar portfolio.",安进是基于生物技术的人类治疗领域的领导者。旗舰药物包括红细胞增强剂 Epogen 和 Aranesp、免疫系统增强剂 Neupogen 和 Neulasta，以及治疗炎症性疾病的 Enbrel 和 Otezla。安进于 2006 年推出了首款癌症治疗药物 Vectibix，并销售骨强化药物 Prolia/Xgeva（2010 年批准）和 Evenity（2019 年）。收购 Onyx Pharmaceuticals 增强了该公司 Kyprolis 的肿瘤治疗产品组合。最近推出的产品包括 Repatha（降低胆固醇）、Aimovig（偏头痛）、Lumakras（肺癌）和 Tezspire（哮喘）。 2023年Horizo​​n收购带来了多种罕见病药物，其中包括甲状腺眼病药物Tepezza。安进还拥有不断增长的生物仿制药产品组合。,Polygon,2026-06-23T18:29:36
AMZN,Amazon.Com Inc,stocks,AMZN,us,XNAS,usd,2628929975064.04,RETAIL-CATALOG & MAIL-ORDER HOUSES,https://www.amazon.com,"Amazon is the leading online retailer and marketplace for third party sellers. Retail related revenue represents approximately 74% of total, followed by Amazon Web Services (17%), and advertising services (9%). International segments constitute 22% of Amazon's total revenue, led by Germany, the United Kingdom, and Japan.",亚马逊是领先的在线零售商和第三方卖家市场。零售相关收入约占总收入的 74%，其次是亚马逊网络服务 (17%) 和广告服务 (9%)。国际业务占亚马逊总收入的 22%，其中德国、英国和日本领先。,Polygon,2026-06-23T18:29:36
APP,Applovin Corporation Class A Common Stock,stocks,APP,us,XNAS,usd,157794152408.91,"SERVICES-COMPUTER PROGRAMMING, DATA PROCESSING, ETC.",https://www.applovin.com,"AppLovin is a vertically integrated advertising technology company that acts as a demand-side platform for advertisers, a supply-side platform for publishers, and an exchange facilitating transactions between the two. About 80% of AppLovin's revenue comes from the DSP, AppDiscovery, while the remainder comes from the SSP, Max. AppLovin's primary tool for future growth is AXON 2, which is an ad optimizer operating within the DSP that allows advertisers to place ads according to specified return thresholds.",AppLovin是一家垂直整合的广告技术公司，充当广告商的需求方平台、发布商的供给方平台以及促进两者之间交易的交易所。 AppLovin 大约 80% 的收入来自 DSP、AppDiscovery，其余则来自 SSP、Max。 AppLovin 未来发展的主要工具是 AXON 2，它是在 DSP 内运行的广告优化器，允许广告商根据指定的回报阈值投放广告。,Polygon,2026-06-23T18:29:36
ARM,Arm Holdings plc American Depositary Shares,stocks,ARM,us,XNAS,usd,469377891869.6,,https://www.arm.com,"Arm Holdings is the IP owner and developer of the Arm architecture, which is used in 99% of the world's smartphone CPU cores. It also has high market share in other battery-powered devices like wearables, tablets, and sensors. Arm licenses its architecture for a fee, offering different types of licenses depending on the flexibility the customer needs. Customers like Apple or Qualcomm buy architectural licenses, which allow them to modify the architecture and add or delete instructions to tailor the chips to their specific needs. Other clients directly buy off-the-shelf designs from Arm. Both off-the-shelf and architectural customers pay a royalty fee per chip shipped. In 2026, Arm announced the launch of its own CPU products on top of its existing royalty business.",Arm Holdings 是 Arm 架构的 IP 所有者和开发商，该架构被用于全球 99% 的智能手机 CPU 内核。它在可穿戴设备、平板电脑和传感器等其他电池供电设备中也拥有很高的市场份额。 Arm 对其架构进行收费许可，根据客户所需的灵活性提供不同类型的许可。苹果或高通等客户购买架构许可，允许他们修改架构并添加或删除指令，以根据其特定需求定制芯片。其他客户直接从 Arm 购买现成的设计。现成客户和建筑客户均需为每颗发货的芯片支付特许权使用费。 2026 年，Arm 宣布在现有的版税业务基础上推出自己的 CPU 产品。,Polygon,2026-06-23T18:29:36
ASML,ASML Holding NV,stocks,ASML,us,XNAS,usd,743732759797.2001,,https://www.asml.com,"ASML is the leader in lithography systems for manufacturing semiconductors with 90% market share. Lithography is the process in which a light source is used to expose circuit patterns from a photo mask onto a semiconductor wafer. Lithography allows chipmakers to increase the number of transistors on the same area of silicon, with lithography historically representing a high portion of the cost of making cutting-edge chips. ASML outsources the manufacturing of most of its parts, acting like an assembler. ASML's largest clients are TSMC, Samsung, Intel, SK Hynix, and Micron.",ASML 是半导体制造光刻系统龙头，市场份额约 90%。光刻是使用光源将光罩上的电路图案曝光到半导体晶圆上的过程，是先进芯片制造中的关键步骤，也长期占据高端芯片制造成本的重要部分。ASML 多数零部件制造外包，自身更像系统组装商，主要客户包括台积电、三星、英特尔、SK 海力士和美光。,Polygon,2026-06-23T18:29:36
AVGO,Broadcom Inc. Common Stock,stocks,AVGO,us,XNAS,usd,1957030614447.3,SEMICONDUCTORS & RELATED DEVICES,https://www.broadcom.com,"Broadcom is one of the largest semiconductor companies in the world and has also expanded into infrastructure software. Its semiconductors primarily serve computing and networking, with custom AI accelerators now accounting for the bulk of the business. It is primarily a fabless designer, but holds some manufacturing in-house, such as for its best-of-breed film bulk acoustic resonator filters that sell into the Apple iPhone. In software, it sells virtualization, infrastructure, and security software to large enterprises, financial institutions, and governments. Broadcom is the product of consolidation. Its businesses are an amalgamation of former companies like legacy Broadcom and Avago Technologies in chips, as well as VMware, Brocade, CA Technologies, and Symantec in software.",博通是世界上最大的半导体公司之一，并且还扩展到基础设施软件领域。其半导体主要服务于计算和网络，定制人工智能加速器目前占据了大部分业务。它主要是一家无晶圆厂设计公司，但也拥有一些内部制造，例如销售给苹果 iPhone 的同类最佳薄膜体声波谐振器滤波器。在软件方面，该公司向大型企业、金融机构和政府销售虚拟化、基础设施和安全软件。 Broadcom 是整合的产物。其业务是芯片领域的传统 Broadcom 和 Avago Technologies 以及软件领域的 VMware、Brocade、CA Technologies 和 Symantec 等前公司的合并。,Polygon,2026-06-23T18:29:36
AXON,"Axon Enterprise, Inc. Common Stock",stocks,AXON,us,XNAS,usd,34126919401.8,"ORDNANCE & ACCESSORIES, (NO VEHICLES/GUIDED MISSILES)",https://www.axon.com,"Axon Enterprise Inc is building a public safety operating system by integrating a suite of hardware devices and cloud software solutions. The company's suite includes cloud-hosted digital evidence management solutions, TASER energy devices, drones and robotic security, and training solutions. Its operation comprises of two operating segments, Software and Services, and Connected Devices. The company generates the majority of its revenue from the Connected Devices segment, which is engaged in developing, manufacturing, and selling fully integrated hardware solutions such as conducted energy devices sold under the TASER brand, body cameras, fixed and in-car cameras, drone and counter-drone technologies, and a broad ecosystem of accessories, extended warranties and related hardware products.",Axon Enterprise Inc 正在通过集成一套硬件设备和云软件解决方案来构建公共安全操作系统。该公司的套件包括云托管的数字证据管理解决方案、TASER 能源设备、无人机和机器人安全以及培训解决方案。其业务由两个运营部门组成：软件和服务部门以及连接设备部门。该公司的大部分收入来自连接设备部门，该部门从事开发、制造和销售完全集成的硬件解决方案，例如以 TASER 品牌销售的传导能源设备、随身摄像头、固定和车载摄像头、无人机和反无人机技术，以及广泛的配件生态系统、延长保修和相关硬件产品。,Polygon,2026-06-23T18:29:36
BKNG,Booking Holdings Inc. Common Stock,stocks,BKNG,us,XNAS,usd,133108617736.08,TRANSPORTATION SERVICES,https://www.bookingholdings.com,"Booking is the world's largest online travel agency by sales, offering booking and payment services for hotel and alternative accommodation rooms, airlines, rental cars, restaurants, cruises, experiences, and other vacation packages. The company operates several branded travel booking sites, including Booking.com, Agoda, OpenTable, Rentalcars.com, and Kayak. Transaction fees for online bookings account for the bulk of revenue and profits.",Booking是全球销售额最大的在线旅行社，提供酒店和另类住宿、航空公司、租车、餐厅、游轮、体验和其他度假套餐的预订和支付服务。该公司运营多个品牌旅游预订网站，包括 Booking.com、Agoda、OpenTable、Rentalcars.com 和 Kayak。在线预订的交易费用占收入和利润的大部分。,Polygon,2026-06-23T18:29:36
BKR,Baker Hughes Company,stocks,BKR,us,XNAS,usd,57946732591.77,OIL & GAS FIELD MACHINERY & EQUIPMENT,https://www.bakerhughes.com,"Following a 2022 reorganization, Baker Hughes operates in two segments: oilfield services and equipment, and industrial and energy technology. The firm's oilfield services and equipment segment is one of the Big Three oilfield-services players, along with SLB and Halliburton, and mostly supplies to hydrocarbon developers and producers, including national oil companies, major integrated firms, and independents. Markets outside of North America buy roughly three-fourths of the segment's offerings. Baker Hughes' industrial and energy technology segment manufactures and sells turbines, compressors, pumps, valves, and related testing and monitoring services for various energy and industrial applications.",2022 年重组后，贝克休斯运营两个部门：油田服务和设备以及工业和能源技术。该公司的油田服务和设备部门是油田服务三大巨头之一，与 SLB 和哈里伯顿并列，主要向碳氢化合物开发商和生产商供货，包括国家石油公司、大型综合公司和独立公司。北美以外的市场购买了该细分市场大约四分之三的产品。贝克休斯的工业和能源技术部门为各种能源和工业应用制造和销售涡轮机、压缩机、泵、阀门以及相关测试和监测服务。,Polygon,2026-06-23T18:29:36
CCEP,Coca-Cola Europacific Partners plc Ordinary Shares,stocks,CCEP,us,XNAS,usd,42918379359.57,,https://www.cocacolaep.com,"CCEP is the second-largest bottling partner in the Coca-Cola system by volume, behind Coca-Cola Femsa, and primarily operates in developed Europe, Australasia, and Southeast Asia. In 2025, CCEP sold 3.9 billion unit cases of beverages, which we estimate equates to roughly 9% of the global Coke system volume.TCCC owns 19% of the equity of CCEP, Olive Partners, a holding company of bottling operations, owns a further 36%, and the remaining 45% is free float.",CCEP 是可口可乐系统中按数量计算的第二大装瓶合作伙伴，仅次于 Coca-Cola Femsa，主要在欧洲发达地区、澳大利亚和东南亚开展业务。 2025年，CCEP销售了39亿单位箱饮料，我们估计大约相当于全球可口可乐系统销量的9%。TCCC拥有CCEP 19%的股权，装瓶业务控股公司Olive Partners还拥有36%的股权，其余45%为自由流通股。,Polygon,2026-06-23T18:29:36
CDNS,Cadence Design Systems,stocks,CDNS,us,XNAS,usd,106848360240.0,SERVICES-PREPACKAGED SOFTWARE,https://www.cadence.com,"Cadence Design Systems is a provider of electronic design automation software, intellectual property, and system design and analysis products. EDA software automates and aids in the chip design process, enhancing design accuracy, productivity, and complexity in a full-flow end-to-end solution. Cadence offers a portfolio of design IP, as well as system design and analysis products, which enables system-level analysis and verification solutions.",Cadence Design Systems 是电子设计自动化软件、知识产权以及系统设计和分析产品的提供商。 EDA 软件可自动化并辅助芯片设计过程，提高全流程端到端解决方案的设计准确性、生产率和复杂性。 Cadence 提供一系列设计 IP 以及系统设计和分析产品，可实现系统级分析和验证解决方案。,Polygon,2026-06-23T18:29:36
CEG,Constellation Energy Corporation Common Stock,stocks,CEG,us,XNAS,usd,97867378779.02,ELECTRIC SERVICES,https://www.constellation.com,"Constellation Energy Corp producer of carbon-free energy and a supplier of energy products and services. The company offers generating capacity that includes nuclear, wind, solar, natural gas, and hydroelectric assets. It sells electricity, natural gas, and other energy-related products and sustainable solutions to various types of customers, including distribution utilities, municipalities, cooperatives, and commercial, industrial, public sector, and residential customers in markets across multiple geographic regions. Its operating segments and reporting units are Mid-Atlantic, Midwest, New York, ERCOT, and Other Power Regions.","Constellation Energy Corp 是无碳能源生产商以及能源产品和服务供应商。该公司提供的发电能力包括核能、风能、太阳能、天然气和水力发电资产。该公司向各种类型的客户销售电力、天然气和其他能源相关产品和可持续解决方案，包括多个地理区域市场的配电公用事业、市政当局、合作社以及商业、工业、公共部门和住宅客户。 Its operating segments and reporting units are Mid-Atlantic, Midwest, New York, ERCOT, and Other Power Regions.",Polygon,2026-06-23T18:29:36
CMCSA,Comcast Corp,stocks,CMCS,us,XNAS,usd,80125086533.51,CABLE & OTHER PAY TELEVISION SERVICES,https://www.comcastcorporation.com,"Comcast is made up of three parts. The core cable business owns networks that provide television, internet access, and phone services to 65 million US homes and businesses, or nearly half of the country. The firm provides services to about half the locations in this territory. Comcast acquired NBCUniversal from General Electric in 2011. Following the spinoff of several cable networks, including CNBC, MSNBC, and USA, NBCU now consists of the NBC network, several local NBC affiliates, Bravo, the Peacock streaming platform, Universal Studios, and several theme parks. Finally, Sky, acquired in 2018, is a large television provider in the UK and Italy.",康卡斯特由三部分组成。核心有线电视业务拥有的网络为 6500 万美国家庭和企业（即美国近一半的人口）提供电视、互联网接入和电话服务。该公司为该地区约一半的地点提供服务。康卡斯特于 2011 年从通用电气手中收购了 NBCUniversal。继 CNBC、MSNBC 和 USA 等多家有线电视网络分拆后，NBCU 现在由 NBC 网络、多家 NBC 当地附属机构、Bravo、Peacock 流媒体平台、环球影城和多个主题公园组成。最后，2018 年收购的 Sky 是英国和意大利的大型电视提供商。,Polygon,2026-06-23T18:29:36
COST,Costco Wholesale Corp,stocks,COST,us,XNAS,usd,421947908065.80005,RETAIL-VARIETY STORES,https://www.costco.com,"Founded in 1983, Costco Wholesale now operates a global chain of membership-based warehouse clubs, delivering high-quality goods and services at consistently low prices. As of its most recent fiscal year, Costco operated approximately 910 warehouses, serving more than 80 million members across its three geographic segments: Costco US (approximately 73% of total revenue), Costco Canada (13%), and Costco International (14%).Costco's core value proposition—quality products at unbeatable prices—has yielded consistently strong member renewal rates (93% in the US and Canada and nearly 90% internationally). About 55% of Costco's fiscal 2025 revenue came from its grocery offerings, and another 25% from general merchandise.",Costco Wholesale 成立于 1983 年，目前经营着全球连锁的会员制仓储俱乐部，以一贯的低价提供高品质的商品和服务。截至最近一个财年，Costco 运营着约 910 个仓库，为三个地理区域的超过 8000 万会员提供服务：Costco 美国（约占总收入的 73%）、Costco 加拿大（约占总收入的 73%）、Costco 加拿大（13%）和 Costco 国际（14%）。 Costco 的核心价值主张——以无与伦比的价格提供优质产品——带来了持续强劲的会员续订率（美国和加拿大为 93%，国际上接近 90%）。 Costco 2025 财年收入中约 55% 来自杂货产品，另外 25% 来自日用百货。,Polygon,2026-06-23T18:29:36
CPRT,Copart Inc,stocks,CPRT,us,XNAS,usd,27987281100.86,RETAIL-AUTO DEALERS & GASOLINE STATIONS,https://www.copart.com,"Based in Dallas, Copart operates a global online salvage vehicle auction with operations in 11 countries across North America, Europe, and the Middle East, facilitating over 4 million transactions annually. The company utilizes its virtual bidding platform, VB3, to connect vehicle sellers with over 750,000 registered buyers around the world. Buyers primarily consist of vehicle dismantlers, rebuilders, individuals and used vehicle retailers. About 80% of Copart's vehicle volume is supplied by auto insurance companies holding vehicles deemed a total loss. Copart also offers services such as vehicle transportation, storage, title transfer, and salvage value estimation. The company primarily operates on a consignment basis and collects fees based on the vehicle's final selling price.","Copart 总部位于达拉斯，运营全球在线报废车辆拍卖业务，业务遍及北美、欧洲和中东 11 个国家，每年促成超过 400 万笔交易。该公司利用其虚拟投标平台 VB3 将汽车卖家与全球超过 750,000 名注册买家联系起来。买家主要包括汽车拆解商、改装商、个人和二手车零售商。 Copart 约 80% 的车辆数量由持有被视为全损车辆的汽车保险公司提供。 Copart 还提供车辆运输、存储、所有权转让和残值估算等服务。该公司主要以寄售方式运营，并根据车辆的最终售价收取费用。",Polygon,2026-06-23T18:29:36
CRWD,"CrowdStrike Holdings, Inc. Class A Common Stock",stocks,CRWD,us,XNAS,usd,174341262625.2,SERVICES-PREPACKAGED SOFTWARE,https://www.crowdstrike.com,"CrowdStrike is a cloud-native cybersecurity company specializing in security verticals such as endpoint, cloud workload, identity, and security operations. CrowdStrike's primary offering is its Falcon platform, which provides enterprises with a unified view to detect and respond to security threats across their IT infrastructure. The Austin, Texas-based firm was founded in 2011 and went public in 2019.",CrowdStrike 是一家云原生网络安全公司，专注于端点、云工作负载、身份和安全运营等安全垂直领域。 CrowdStrike 的主要产品是 Falcon 平台，该平台为企业提供统一的视图来检测和响应其 IT 基础设施中的安全威胁。这家总部位于德克萨斯州奥斯汀的公司成立于 2011 年，并于 2019 年上市。,Polygon,2026-06-23T18:29:36
CRWV,"CoreWeave, Inc. Class A Common Stock",stocks,CRWV,us,XNAS,usd,64350022310.700005,SERVICES-PREPACKAGED SOFTWARE,https://www.coreweave.com,CoreWeave is a modern cloud infrastructure company that offers Nvidia GPUs and other essential AI hardware with optimized efficiency to handle the most demanding AI training and inference workloads. Its cloud platform supports the development and use of foundational large language models and the delivery of next-generation AI applications to satisfy the growing demand for AI around the world.,CoreWeave 是一家现代化的云基础设施公司，提供 Nvidia GPU 和其他具有优化效率的基本 AI 硬件，以处理最苛刻的 AI 训练和推理工作负载。其云平台支持基础大语言模型的开发和使用以及下一代人工智能应用的交付，以满足全球对人工智能不断增长的需求。,Polygon,2026-06-23T18:29:36
CSCO,"Cisco Systems, Inc. Common Stock (DE)",stocks,CSCO,us,XNAS,usd,471159099854.10004,COMPUTER COMMUNICATIONS EQUIPMENT,https://www.cisco.com,"Cisco Systems is the largest provider of networking equipment in the world and one of the largest software companies in the world. Its largest businesses are selling networking hardware and software (where it has leading market shares) and cybersecurity software such as firewalls. It also has collaboration products, like its Webex suite, and observability tools. It primarily outsources its manufacturing to third parties and has a large sales and marketing staff—25,000 strong across 90 countries. Overall, Cisco employs 80,000 people and sells its products globally.","思科系统公司是全球最大的网络设备供应商，也是全球最大的软件公司之一。其最大的业务是销售网络硬件和软件（在该领域拥有领先的市场份额）以及防火墙等网络安全软件。它还拥有协作产品，例如 Webex 套件和可观察性工具。该公司主要将制造业务外包给第三方，并拥有庞大的销售和营销人员——分布在 90 个国家/地区的 25,000 名员工。思科总共拥有 80,000 名员工，其产品销往全球。",Polygon,2026-06-23T18:29:36
CSX,CSX Corporation,stocks,CSX,us,XNAS,usd,84786875999.28,"RAILROADS, LINE-HAUL OPERATING",https://www.csx.com,"Operating in the Eastern United States, Class I railroad CSX generated revenue of nearly $14 billion in 2025. On its more than 21,000 miles of track, CSX hauls shipments of coal (16% of consolidated revenue), chemicals (17%), intermodal containers (16%), automotive cargo (7%), and a diverse mix of other bulk and industrial merchandise.","CSX 在美国东部运营，2025 年收入近 140 亿美元。在其超过 21,000 英里的轨道上，CSX 运输煤炭（占合并收入的 16%）、化学品（17%）、联运集装箱（16%）、汽车货物（7%）以及各种其他散装和工业商品。",Polygon,2026-06-23T18:29:36
CTAS,Cintas Corp,stocks,CTAS,us,XNAS,usd,68363386118.85,"MEN'S & BOYS' FURNISHGS, WORK CLOTHG, & ALLIED GARMENTS",https://www.cintas.com,"Cintas has roots dating back to 1929, when the Farmer family cleaned and resold dirty rags to manufacturing plants in Ohio. The firm has expanded its business organically and through acquisitions, and today Cintas acts as a one-stop outsourcing partner for businesses. Cintas will design, manufacture, collect, and clean every employee uniform for a small weekly sum, taking on the upfront capital expense itself. At the same stop, Cintas can also replace soiled or depleted mats, mops, trash liners, towels, first aid supplies, fire extinguishers, and cleaning products. Businesses value an outsourcing partner like Cintas as it simplifies operations and leaves noncore tasks with high regulatory standards in the hands of professionals.",Cintas 的历史可以追溯到 1929 年，当时 Farmer 家族负责清理脏抹布并将其转售给俄亥俄州的制造厂。该公司通过收购有机地扩展了业务，如今 Cintas 已成为企业的一站式外包合作伙伴。 Cintas 将设计、制造、收集和清洁每件员工制服，每周收取少量费用，并自行承担前期资本支出。在同一站点，Cintas 还可以更换弄脏或耗尽的垫子、拖把、垃圾衬垫、毛巾、急救用品、灭火器和清洁产品。企业重视像 Cintas 这样的外包合作伙伴，因为它可以简化运营，并将具有高监管标准的非核心任务交给专业人员。,Polygon,2026-06-23T18:29:36
DASH,"DoorDash, Inc. Class A Common Stock",stocks,DASH,us,XNAS,usd,75579769518.12001,"SERVICES-BUSINESS SERVICES, NEC",https://www.doordash.com,"Founded in 2013 within the confines of the San Francisco application renaissance, DoorDash is an online delivery demand aggregator. Consumers can use its app to order food on demand for delivery or in-store pickup from participating merchants. Following the 2022 acquisition of Wolt, the firm also provides this service in Europe and Asia. DoorDash creates a marketplace for merchants to establish an online presence, market their offerings, and meet demand through delivery. The firm provides similar services to non-restaurant businesses, such as grocery, retail, and pet supplies. DoorDash is also rolling out emerging technologies, such as drone delivery, to continually innovate and deliver the best possible service to both supply-side and demand-side participants in its marketplace.",DoorDash 成立于 2013 年，是在线配送需求聚合平台。消费者可以通过应用向合作商户点餐，并选择配送或到店取货。收购 Wolt 后，公司也在欧洲和亚洲提供服务。DoorDash 为商户建立线上市场、推广商品并通过配送满足需求，同时也把类似服务扩展到杂货、零售、宠物用品等非餐饮场景，并尝试无人机配送等新技术。,Polygon,2026-06-23T18:29:36
DDOG,"Datadog, Inc. Class A Common Stock",stocks,DDOG,us,XNAS,usd,79379122147.0,SERVICES-PREPACKAGED SOFTWARE,https://www.datadog.com,"Datadog is a cloud-native company that focuses on analyzing machine data. The firm's product portfolio, delivered via software as a service, enables clients to monitor and analyze their entire information technology infrastructure, from servers to applications and Python scripts. Datadog's platform can ingest and analyze large amounts of machine-generated data in real time, allowing clients to utilize it for a variety of applications throughout their businesses to ensure uptime and latency objectives.",Datadog 是一家专注于分析机器数据的云原生公司。该公司的产品组合通过软件即服务提供，使客户能够监控和分析他们的整个信息技术基础设施，从服务器到应用程序和 Python 脚本。 Datadog 的平台可以实时摄取和分析大量机器生成的数据，允许客户将其用于整个企业的各种应用程序，以确保正常运行时间和延迟目标。,Polygon,2026-06-23T18:29:36
DXCM,"DexCom, Inc.",stocks,DXCM,us,XNAS,usd,27964214643.19,SURGICAL & MEDICAL INSTRUMENTS & APPARATUS,https://www.dexcom.com,"DexCom designs and commercializes continuous glucose monitoring systems for diabetic patients. CGM systems serve as an alternative to the traditional blood glucose meter process, and the company is evolving its CGM systems to provide integration with insulin pumps from Insulet and Tandem for automatic insulin delivery. DexCom's CGMs are available through medical equipment distributors as well as retail pharmacies.",DexCom 为糖尿病患者设计连续血糖监测系统并将其商业化。 CGM 系统可作为传统血糖仪流程的替代方案，该公司正在改进其 CGM 系统，以提供与 Insulet 和 Tandem 胰岛素泵的集成，以实现自动胰岛素输送。 DexCom 的 CGM 可通过医疗设备经销商以及零售药店购买。,Polygon,2026-06-23T18:29:36
EA,Electronic Arts Inc,stocks,EA,us,XNAS,usd,50689412490.6,SERVICES-PREPACKAGED SOFTWARE,https://www.ea.com,"Electronic Arts is one of the largest global developers and publishers of video games. Its most important franchises are the Madden NFL and FC soccer games, which it releases annually. In 2024, it also relaunched its American college football game. Other major franchises include Apex Legends, Battlefield, and The Sims. Typically, about three-quarters of the firm's sales are from in-game spending, with the remainder coming from initial game sales.",艺电 (Electronic Arts) 是全球最大的视频游戏开发商和发行商之一。其最重要的特许经营权是每年发布的《Madden NFL》和《FC》足球游戏。 2024年，它还重新启动了美国大学橄榄球比赛。其他主要系列包括《Apex Legends》、《战地》和《模拟人生》。通常，该公司约四分之三的销售额来自游戏内支出，其余部分来自初始游戏销售。,Polygon,2026-06-23T18:29:36
EXC,Exelon Corporation,stocks,EXC,us,XNAS,usd,46873164985.020004,ELECTRIC & OTHER SERVICES COMBINED,https://www.exeloncorp.com,"Exelon serves approximately 10 million power and gas customers at its six regulated utilities in Illinois, Pennsylvania, Maryland, New Jersey, Delaware, and Washington, D.C.",Exelon 通过其位于伊利诺伊州、宾夕法尼亚州、马里兰州、新泽西州、特拉华州和华盛顿特区的六家受监管公用事业公司为大约 1000 万电力和天然气客户提供服务。,Polygon,2026-06-23T18:29:36
FANG,"Diamondback Energy, Inc.",stocks,FANG,us,XNAS,usd,51620989999.5,CRUDE PETROLEUM & NATURAL GAS,https://www.diamondbackenergy.com,"Diamondback is a crude oil and natural gas exploration and production firm whose operations represent a pure-play in the US Permian Basin. The company went public in 2012 and has established itself as a top-tier independent producer through disciplined acquisition and operational excellence. The company's most transformational transaction occurred in September 2024 with the completion of its $26 billion merger with Endeavor Energy Resources, which added around 470,000 net acres and doubled Diamondback's total acreage position. Diamondback boasts an enviable position in the Midland sub-basin, with some of the lowest unit costs among its Permian peers.","Diamondback 是一家原油和天然气勘探和生产公司，其业务代表了美国二叠纪盆地的纯业务。该公司于 2012 年上市，并通过严格的收购和卓越的运营，确立了自己作为顶级独立生产商的地位。该公司最具变革性的交易发生在 2024 年 9 月，完成了与 Endeavour Energy Resources 价值 260 亿美元的合并，增加了约 470,000 英亩净面积，并使 Diamondback 的总面积增加了一倍。响尾蛇在米德兰次流域拥有令人羡慕的地位，其单位成本在二叠纪同行中是最低的。",Polygon,2026-06-23T18:29:36
FAST,Fastenal Co,stocks,FAST,us,XNAS,usd,52683328949.29,"RETAIL-BUILDING MATERIALS, HARDWARE, GARDEN SUPPLY",https://www.fastenal.com,"Fastenal began as an industrial retailer, expanding its product portfolio from nuts and bolts to cutting tools, safety equipment, and janitorial supplies. It transitioned into a distributor by building out a dense network of branches close to its business customers. Once a customer becomes large enough, Fastenal installs vending machines and its own personnel on-site. Today, these on-site locations exceed Fastenal's branch count and remain the firm's main focus for expansion. Fastenal acts as a one-stop outsourcing partner for its industrial customers, offering value-added services along with a wide breadth of maintenance, repair, and operations supplies.",Fastenal 最初是一家工业零售商，将其产品组合从螺母和螺栓扩展到切削工具、安全设备和清洁用品。它通过在靠近其商业客户的地方建立密集的分支机构网络，转型为分销商。一旦客户规模足够大，Fastenal 就会在现场安装自动售货机和自己的人员。如今，这些现场地点超过了 Fastenal 的分支机构数量，并且仍然是该公司扩张的主要重点。 Fastenal 是其工业客户的一站式外包合作伙伴，提供增值服务以及广泛的维护、维修和运营用品。,Polygon,2026-06-23T18:29:36
FER,Ferrovial N.V. Ordinary Shares,stocks,FER,us,XNAS,usd,49546726786.14,,https://www.ferrovial.com,"Ferrovial is a global transportation infrastructure investor, developer, and operator, with a strong presence in North American toll roads. In recent years, it shifted its portfolio toward North America and India, and lowered its exposure to Europe (including selling its stake in Heathrow Airport). The jewels in its crown include its stake in the 99-year lease to operate the Highway 407 ETR toll road in Toronto and its concession to develop and operate New Terminal One at JFK until 2060.",Ferrovial 是全球交通基础设施投资、开发和运营商，在北美收费公路领域布局较深。近几年公司将资产组合重心转向北美和印度，并降低欧洲敞口，包括出售希思罗机场股份。核心资产包括多伦多 407 ETR 收费公路 99 年运营租约权益，以及纽约 JFK 新一号航站楼开发和运营特许权。,Polygon,2026-06-23T18:29:36
FTNT,"Fortinet, Inc.",stocks,FTNT,us,XNAS,usd,106036201629.43,"COMPUTER PERIPHERAL EQUIPMENT, NEC",https://www.fortinet.com,"Fortinet is a platform-based cybersecurity vendor with product offerings covering network security, cloud security, zero-trust access, and security operations. The firm derives a majority of its revenue through sales of its subscriptions and support-based business. The California-based firm has more than 800,000 customers across the world.","Fortinet 是一家基于平台的网络安全供应商，产品涵盖网络安全、云安全、零信任访问和安全运营。该公司的大部分收入来自其订阅和支持业务的销售。这家总部位于加利福尼亚州的公司在全球拥有超过 800,000 名客户。",Polygon,2026-06-23T18:29:36
GEHC,GE HealthCare Technologies Inc. Common Stock,stocks,GEHC,us,XNAS,usd,28016785099.74,X-RAY APPARATUS & TUBES & RELATED IRRADIATION APPARATUS,https://www.gehealthcare.com,"GE HealthCare Technologies is a leading medical technology firm with leading market share in imaging and ultrasound equipment. The company reports four major segments: imaging (45% of revenue), advanced visualization solutions (26%), patient care solutions (15%), and pharmaceutical diagnostics (14%). The company's sales are geographically diverse, with the United States, EMEA, China, and the rest of the world accounting for 46%, 26%, 11%, and 17%, respectively. We estimate approximately half of its revenue is recurring, which consists of servicing (about one-third of revenue), pharmaceutical diagnostics (about 10%-15%), and digital solutions (just over 5%).",GE HealthCare Technologies 是一家领先的医疗技术公司，在成像和超声设备领域拥有领先的市场份额。该公司报告了四个主要部分：成像（占收入的 45%）、高级可视化解决方案（26%）、患者护理解决方案（15%）和药物诊断（14%）。该公司的销售额分布地域多样，美国、EMEA、中国和世界其他地区分别占46%、26%、11%和17%。我们估计其大约一半的收入是经常性的，其中包括服务（约占收入的三分之一）、药物诊断（约 10%-15%）和数字解决方案（略高于 5%）。,Polygon,2026-06-23T18:29:36
GILD,Gilead Sciences Inc,stocks,GILD,us,XNAS,usd,153656687606.24002,"BIOLOGICAL PRODUCTS, (NO DIAGNOSTIC SUBSTANCES)",https://www.gilead.com,"Gilead Sciences develops and markets therapies to treat and prevent life-threatening infectious diseases, with the core of its portfolio focused on HIV and hepatitis B and C. Gilead's acquisition of Pharmasset brought rights to hepatitis C drug Sovaldi, which is also part of newer combination regimens that remain standards of care. Gilead is also growing its presence in the oncology market via acquisitions, led by CAR-T cell therapy Yescarta/Tecartus (from Kite) and breast and bladder cancer therapy Trodelvy (from Immunomedics).",吉利德科学公司开发和销售治疗和预防危及生命的传染病的疗法，其产品组合的核心重点是艾滋病毒和乙型肝炎和丙型肝炎。吉利德收购 Pharmasset 获得了丙型肝炎药物 Sovaldi 的权利，该药物也是仍保持护理标准的新型组合疗法的一部分。吉利德还通过收购扩大其在肿瘤市场的影响力，其中以 CAR-T 细胞疗法 Yescarta/Tecartus（来自 Kite）和乳腺癌和膀胱癌疗法 Trodelvy（来自Immunomedics）为首。,Polygon,2026-06-23T18:29:36
GOOG,Alphabet Inc. Class C Capital Stock,stocks,GOOG,us,XNAS,usd,4483957521982.34,"SERVICES-COMPUTER PROGRAMMING, DATA PROCESSING, ETC.",https://www.abc.xyz,"Alphabet is a holding company that wholly owns internet giant Google. The California-based company derives slightly less than 90% of its revenue from Google services, the vast majority of which is advertising sales. Alongside online ads, Google services houses sales stemming from Google's subscription services (YouTube TV and YouTube Music, among others), platforms (sales and in-app purchases on Play Store), and devices (Chromebooks, Pixel smartphones, and smart home products such as Chromecast). Google's cloud computing platform accounts for roughly 10% of Alphabet's revenue. The firm's investments in up-and-coming technologies such as self-driving cars (Waymo), health (Verily), and internet access (Google Fiber) make up the rest.",Alphabet 是一家控股公司，全资拥有互联网巨头谷歌。这家总部位于加利福尼亚州的公司略低于 90% 的收入来自 Google 服务，其中绝大多数来自广告销售。除了在线广告之外，Google 服务还包含来自 Google 订阅服务（YouTube TV 和 YouTube Music 等）、平台（Play 商店中的销售和应用内购买）和设备（Chromebook、Pixel 智能手机和 Chromecast 等智能家居产品）的销售额。谷歌的云计算平台约占Alphabet收入的10%。该公司对自动驾驶汽车 (Waymo)、健康 (Verily) 和互联网接入 (Google Fiber) 等新兴技术的投资构成了其余部分。,Polygon,2026-06-23T18:29:36
GOOGL,Alphabet Inc. Class A Common Stock,stocks,GOOG,us,XNAS,usd,4490912988665.87,"SERVICES-COMPUTER PROGRAMMING, DATA PROCESSING, ETC.",https://www.abc.xyz,"Alphabet is a holding company that wholly owns internet giant Google. The California-based company derives slightly less than 90% of its revenue from Google services, the vast majority of which is advertising sales. Alongside online ads, Google services houses sales stemming from Google's subscription services (YouTube TV and YouTube Music, among others), platforms (sales and in-app purchases on Play Store), and devices (Chromebooks, Pixel smartphones, and smart home products such as Chromecast). Google's cloud computing platform accounts for roughly 10% of Alphabet's revenue. The firm's investments in up-and-coming technologies such as self-driving cars (Waymo), health (Verily), and internet access (Google Fiber) make up the rest.",Alphabet 是一家控股公司，全资拥有互联网巨头谷歌。这家总部位于加利福尼亚州的公司略低于 90% 的收入来自 Google 服务，其中绝大多数来自广告销售。除了在线广告之外，Google 服务还包含来自 Google 订阅服务（YouTube TV 和 YouTube Music 等）、平台（Play 商店中的销售和应用内购买）和设备（Chromebook、Pixel 智能手机和 Chromecast 等智能家居产品）的销售额。谷歌的云计算平台约占Alphabet收入的10%。该公司对自动驾驶汽车 (Waymo)、健康 (Verily) 和互联网接入 (Google Fiber) 等新兴技术的投资构成了其余部分。,Polygon,2026-06-23T18:29:36
HON,"Honeywell International, Inc.",stocks,HON,us,XNAS,usd,145112900782.19,AIRCRAFT ENGINES & ENGINE PARTS,https://www.honeywell.com,"Honeywell traces its roots to 1885 with Albert Butz's firm, Butz Thermo-Electric Regulator, which produced a predecessor to the modern thermostat. Other inventions by Honeywell include biodegradable detergent and autopilot. Today, Honeywell is a global multi-industry behemoth with one of the largest installed bases of equipment. It operates through four business segments: aerospace technologies, industrial automation, energy and sustainability solutions, and building automation. Recently, Honeywell has made several portfolio changes to focus on fewer end markets and align with a set of secular growth trends. The firm is working diligently to expand its installed base, deriving around one third of its revenue from recurring aftermarket services.",霍尼韦尔的历史可以追溯到 1885 年，Albert Butz 的公司 Butz Thermo-Electric Regulator 生产了现代恒温器的前身。霍尼韦尔的其他发明包括可生物降解的清洁剂和自动驾驶仪。如今，霍尼韦尔已成为全球多行业巨头，拥有最大的设备安装基地之一。它通过四个业务部门运营：航空航天技术、工业自动化、能源和可持续发展解决方案以及楼宇自动化。最近，霍尼韦尔对产品组合进行了多项调整，以专注于较少的终端市场并与一系列长期增长趋势保持一致。该公司正在努力扩大其安装基础，约三分之一的收入来自经常性售后服务。,Polygon,2026-06-23T18:29:36
IDXX,Idexx Laboratories Inc,stocks,IDXX,us,XNAS,usd,44339343783.73,IN VITRO & IN VIVO DIAGNOSTIC SUBSTANCES,https://www.idexx.com,"Idexx Laboratories primarily develops, manufactures, and distributes diagnostic products, equipment, and services for pets and livestock. Its key product lines include single-use canine and feline test kits that veterinarians can employ in the office, benchtop chemistry and hematology analyzers for test-panel analysis on-site, reference lab services, and tests to detect and manage disease in livestock. The firm also offers vet practice management software and consulting services to animal hospitals. Idexx derives roughly 35% of its revenue from outside the United States.",Idexx Laboratories 主要开发、制造和分销宠物和牲畜的诊断产品、设备和服务。其主要产品线包括兽医可以在办公室使用的一次性犬和猫检测试剂盒、用于现场测试板分析的台式化学和血液分析仪、参考实验室服务以及检测和管理牲畜疾病的测试。该公司还为动物医院提供兽医实践管理软件和咨询服务。 Idexx 大约 35% 的收入来自美国境外。,Polygon,2026-06-23T18:29:36
INTC,Intel Corp,stocks,INTC,us,XNAS,usd,673433740000.0,SEMICONDUCTORS & RELATED DEVICES,https://www.intel.com,"Intel is a leading digital chipmaker focused on designing and manufacturing microprocessors for the global personal computer and data center markets. Intel pioneered the x86 architecture for microprocessors and led the semiconductor industry down the path of Moore's law for advances in semiconductor manufacturing. Intel remains the market share leader in central processing units in both the PC and server end markets. The company is seeking to reinvigorate its chip manufacturing business, Intel Foundry, while developing leading-edge products in its Intel Products business segment.",Intel 是领先的数字芯片制造商，专注于为全球个人电脑和数据中心市场设计并制造微处理器。公司开创了 x86 微处理器架构，并曾引领半导体制造沿摩尔定律演进。Intel 仍是 PC 和服务器 CPU 市场份额领导者，同时正在重振 Intel Foundry 芯片制造业务，并发展 Intel Products 产品业务。,Polygon,2026-06-23T18:29:36
INTU,Intuit Inc,stocks,INTU,us,XNAS,usd,73034379000.0,SERVICES-PREPACKAGED SOFTWARE,https://www.intuit.com,"Intuit serves small and midsize businesses with accounting software QuickBooks and online marketing platform Mailchimp. The company also operates retail tax filing tool TurboTax, personal finance platform Credit Karma, and a suite of professional tax offerings for accountants. Founded in the mid-1980s, Intuit enjoys a dominant market share for small-to-midsize business accounting and self-serve tax filing in the US.",Intuit 通过会计软件 QuickBooks 和在线营销平台 Mailchimp 为中小型企业提供服务。该公司还运营零售报税工具 TurboTax、个人理财平台 Credit Karma 以及一套面向会计师的专业税务产品。 Intuit 成立于 20 世纪 80 年代中期，在美国中小型企业会计和自助报税领域享有主导市场份额。,Polygon,2026-06-23T18:29:36
ISRG,Intuitive Surgical Inc.,stocks,ISRG,us,XNAS,usd,144066360868.75998,"ORTHOPEDIC, PROSTHETIC & SURGICAL APPLIANCES & SUPPLIES",https://www.intuitive.com,"Intuitive develops, produces, and markets a robotic system for assisting minimally invasive surgery. It also provides the instrumentation, disposable accessories, and warranty services for the system. The company has placed more than 10,000 da Vinci systems in hospitals worldwide, with more than 6,000 installations in the US and a growing number in emerging markets.","Intuitive 开发、生产和销售用于辅助微创手术的机器人系统。它还为系统提供仪器、一次性配件和保修服务。该公司已在全球医院安装了 10,000 多套达芬奇系统，其中在美国安装了 6,000 多套，在新兴市场安装的数量还在不断增加。",Polygon,2026-06-23T18:29:36
KDP,Keurig Dr Pepper Inc.,stocks,KDP,us,XNAS,usd,41850809327.96,BEVERAGES,https://www.keurigdrpepper.com,"Keurig Dr Pepper was established in 2018 following a merger between Keurig Green Mountain Coffee and Dr Pepper Snapple. The company manufactures and distributes coffee systems (including coffee brewers and single-serve coffee pods) under the Keurig and Green Mountain brands, as well as ready-to-drink beverages including flavored (non-cola) sparkling soft drinks under well-known brands such as Dr Pepper, Snapple, and Canada Dry. On Aug. 25, 2025, the firm announced a definitive agreement to acquire coffeemaker JDE Peet's for $18 billion in cash, with the deal now scheduled to close in April 2026. Following the merger, it plans to split into two US-listed entities to focus on refreshment beverages in North America and global coffee separately.",Keurig Dr Pepper 成立于 2018 年，由 Keurig Green Mountain Coffee 和 Dr Pepper Snapple 合并而成。该公司生产和分销 Keurig 和 Green Mountain 品牌的咖啡系统（包括咖啡机和单份咖啡包），以及即饮饮料，包括 Dr Pepper、Snapple 和 Canada Dry 等知名品牌的调味（非可乐）起泡软饮料。 2025 年 8 月 25 日，该公司宣布达成最终协议，以 180 亿美元现金收购咖啡制造商 JDE Peet's，该交易目前计划于 2026 年 4 月完成。合并后，该公司计划分拆为两个在美国上市的实体，分别专注于北美的清凉饮料和全球咖啡。,Polygon,2026-06-23T18:29:36
KHC,The Kraft Heinz Company Common Stock,stocks,KHC,us,XNAS,usd,27059445699.16,"CANNED, FROZEN & PRESERVD FRUIT, VEG & FOOD SPECIALTIES",https://www.kraftheinzcompany.com,"In July 2015, Kraft merged with Heinz to create one of North America's largest food and beverage manufacturers. Beyond its namesake brands, its portfolio includes Oscar Mayer, Velveeta, and Philadelphia. While the retail channel drives around 85% of its total sales, the firm also maintains a growing foodservice presence. Outside North America, Kraft Heinz's global reach encompasses a distribution network in Europe and emerging markets, which accounts for around 25% of its consolidated sales base. The company's products are sold in more than 190 countries and territories.",2015年7月，卡夫与亨氏合并，创建北美最大的食品和饮料制造商之一。除了同名品牌外，其产品组合还包括 Oscar Mayer、Velveeta 和 Philadelphia。虽然零售渠道约占其总销售额的 85%，但该公司还保持着不断增长的餐饮服务业务。在北美以外，卡夫亨氏的全球影响力包括欧洲和新兴市场的分销网络，约占其综合销售基础的 25%。公司产品销往190多个国家和地区。,Polygon,2026-06-23T18:29:36
KLAC,KLA Corporation Common Stock,stocks,KLAC,us,XNAS,usd,339056793507.6,OPTICAL INSTRUMENTS & LENSES,https://www.kla.com,"KLA is one of the largest semiconductor wafer fabrication equipment, or WFE, manufacturers in the world. It specializes in the market segment of semiconductor process control, wherein machines inspect semiconductor wafers during research and development and manufacturing for defects and verify precise measurements. In this section of the market, KLA holds a majority share. It also has a small exposure to the etch and deposition segments of the WFE market. It counts as top customers the largest chipmakers in the world, including TSMC and Samsung.",KLA 是全球大型半导体晶圆制造设备厂商之一，专注于半导体过程控制设备。其设备在研发和制造过程中检查晶圆缺陷，并验证关键尺寸和精密测量。KLA 在该细分市场拥有多数份额，同时也少量涉足刻蚀和沉积设备。主要客户包括台积电、三星等全球大型芯片制造商。,Polygon,2026-06-23T18:29:36
LIN,Linde plc Ordinary Share,stocks,LIN,us,XNAS,usd,236791174816.5,INDUSTRIAL INORGANIC CHEMICALS,https://www.linde.com,"Linde is the largest industrial gas supplier in the world, with operations in over 100 countries. The firm's main products are atmospheric gases (including oxygen, nitrogen, and argon) and process gases (including hydrogen, carbon dioxide, and helium), as well as equipment used in industrial gas production. Linde serves a wide variety of end markets, including chemicals, manufacturing, healthcare, and steelmaking. Linde generated approximately $34 billion in revenue in 2025.",林德是全球最大的工业气体供应商，业务遍及100多个国家。该公司的主要产品是大气气体（包括氧气、氮气和氩气）和工艺气体（包括氢气、二氧化碳和氦气）以及用于工业气体生产的设备。林德服务于各种终端市场，包括化学品、制造、医疗保健和炼钢。林德到 2025 年的收入约为 340 亿美元。,Polygon,2026-06-23T18:29:36
LITE,Lumentum Holdings Inc. Common Stock,stocks,LITE,us,XNAS,usd,66130000000.0,"COMMUNICATIONS EQUIPMENT, NEC",https://www.lumentum.com,"Lumentum Holdings Inc is a California-based technology firm. The company provides two types of optical and photonic products: optical components that are used in telecommunications networking equipment, and commercial lasers for manufacturing, inspection, and life-science lab uses. Its segments are Optical Communications and Commercial Lasers. The firm is also expanding into new optical applications, such as 3-D sensing laser diode for consumer electronics. It generates maximum revenue from the OpComms segment. The OpComms segment products include a wide range of components, modules, and subsystems to support customers including carrier networks for access (local), metro (intracity), long-haul, and submarine (undersea) applications.",Lumentum Holdings Inc 是一家总部位于加利福尼亚州的科技公司。该公司提供两种类型的光学和光子产品：用于电信网络设备的光学元件，以及用于制造、检查和生命科学实验室用途的商用激光器。其业务部门包括光通信部门和商用激光器部门。该公司还正在扩展到新的光学应用，例如用于消费电子产品的 3D 传感激光二极管。它从 OpComms 部门产生最大的收入。 OpComms 部门产品包括广泛的组件、模块和子系统，为客户提供支持，包括用于接入（本地）、城域（城内）、长途和海底（水下）应用的运营商网络。,Polygon,2026-06-23T18:29:36
LRCX,Lam Research Corp,stocks,LRCX,us,XNAS,usd,486522141840.0,"SPECIAL INDUSTRY MACHINERY, NEC",https://www.lamresearch.com,"Lam Research is one of the largest semiconductor wafer fabrication equipment manufacturers in the world. It specializes in deposition and etch, which entail the buildup of layers on a semiconductor and the subsequent selective removal of patterns from each layer. Lam holds the top market share in etch and holds the clear second share in deposition. It is more exposed to memory chipmakers for DRAM and NAND chips. It counts as top customers the largest chipmakers in the world, including TSMC, Samsung, Intel, and Micron.",Lam Research 是全球大型半导体晶圆制造设备厂商之一，专长在沉积和刻蚀环节。沉积用于在半导体上形成材料层，刻蚀则选择性移除各层中的图案。Lam 在刻蚀设备市场份额领先，在沉积设备中位居明确第二。公司对 DRAM 和 NAND 等存储芯片厂商敞口较高，主要客户包括台积电、三星、英特尔和美光。,Polygon,2026-06-23T18:29:36
MAR,Marriott International Class A Common Stock,stocks,MAR,us,XNAS,usd,104473432432.59999,HOTELS & MOTELS,https://www.marriott.com,"Marriott operates 1.8 million rooms across roughly 30 brands. At the end of 2025, luxury represented roughly 10% of total rooms, premium was 42%, select service was 46%, and midscale was 2%. Marriott, Courtyard, and Sheraton are the largest brands, while Autograph, Tribute, Moxy, Aloft, and Element are newer lifestyle brands. Managed and franchised represented 99% of total rooms as of Dec. 31, 2025. North America makes up 61% of total rooms. Managed, franchise, and incentive fees represent the vast majority of revenue and profitability for the company.",万豪国际集团旗下拥有约 30 个品牌，拥有 180 万间客房。截至 2025 年底，豪华客房约占客房总数的 10%，高级客房占 42%，精选服务客房占 46%，中档客房占 2%。万豪、万怡和喜来登是最大的品牌，而 Autograph、Tribute、Moxy、Aloft 和 Element 是较新的生活方式品牌。截至 2025 年 12 月 31 日，管理型和特许经营型客房占客房总数的 99%。北美占客房总数的 61%。管理费、特许经营费和激励费占公司收入和盈利能力的绝大部分。,Polygon,2026-06-23T18:29:36
MCHP,Microchip Technology Inc,stocks,MCHP,us,XNAS,usd,54083249865.369995,SEMICONDUCTORS & RELATED DEVICES,https://www.microchip.com,"Microchip Technology became an independent company in 1989 when it was spun off from General Instrument. More than half of revenue comes from MCUs, which are used in a wide array of electronic devices from remote controls to garage door openers to power windows in autos. The company's strength lies in lower-end 8-bit MCUs that are suitable for a wider range of less technologically advanced devices, but the firm has expanded its presence in higher-end MCUs and analog chips as well.",Microchip Technology 于 1989 年从 General Instrument 分拆独立。公司超过一半收入来自 MCU 微控制器，这类芯片广泛用于遥控器、车库门开关、汽车电动车窗等电子设备。公司优势在适用于更广泛、技术复杂度较低设备的低端 8 位 MCU，同时也扩展到更高端 MCU 和模拟芯片。,Polygon,2026-06-23T18:33:39
MDLZ,"Mondelez International, Inc. Class A",stocks,MDLZ,us,XNAS,usd,77173023931.92,FOOD AND KINDRED PRODUCTS,https://www.mondelezinternational.com,"Mondelez has operated independently since its split from the former Kraft Foods North American grocery business in October 2012. The firm is a leading player in the global snack enclave with a presence in the biscuit (48% of sales as of the end of fiscal 2025), chocolate (33%), gum/candy (10%), beverage (3%), and cheese and grocery (6%) aisles. Mondelez's portfolio includes well-known brands like Oreo, Chips Ahoy, Halls, and Cadbury. The firm derives around one-third of its revenue from developing markets, around 40% from Europe, and more than one-fourth from North America.",亿滋国际自 2012 年 10 月从前卡夫食品北美杂货业务分拆以来一直独立运营。该公司是全球零食飞地的领先企业，业务涉及饼干（截至 2025 财年末销售额的 48%）、巧克力（33%）、口香糖/糖果（10%）、饮料（3%）以及奶酪和杂货（6%）。亿滋的产品组合包括 Oreo、Chips Ahoy、Halls 和 Cadbury 等知名品牌。该公司约三分之一的收入来自发展中市场，约 40% 来自欧洲，超过四分之一来自北美。,Polygon,2026-06-23T18:29:36
MELI,"Mercado Libre, Inc",stocks,MELI,us,XNAS,usd,82897497147.3,"SERVICES-BUSINESS SERVICES, NEC",https://www.mercadolibre.com,"MercadoLibre is the largest e-commerce marketplace in Latin America, with more than 120 million unique active buyers and 1 million active sellers at the end of 2025. The company is roughly split between its e-commerce business, which includes its fulfillment and advertising services, and its fintech segment, which comprises its rapidly expanding payment and digital wallet platform (Mercado Pago) and its lending business (Mercado Credito). While the company operates in 18 countries, its primary markets are Brazil, Argentina, and Mexico, which account for more than 95% of its revenue.",MercadoLibre 是拉丁美洲最大的电子商务市场，到 2025 年底，拥有超过 1.2 亿的独立活跃买家和 100 万活跃卖家。该公司大致分为电子商务业务（包括履行和广告服务）和金融科技部门（包括快速扩张的支付和数字钱包平台 (Mercado Pago) 及其贷款业务 (Mercado Credito)）。虽然该公司在 18 个国家开展业务，但其主要市场是巴西、阿根廷和墨西哥，占其收入的 95% 以上。,Polygon,2026-06-23T18:29:36
META,"Meta Platforms, Inc. Class A Common Stock",stocks,META,us,XNAS,usd,1465228699534.8801,"SERVICES-COMPUTER PROGRAMMING, DATA PROCESSING, ETC.",https://about.meta.com,"Meta is the largest social media company in the world, boasting close to 4 billion monthly active users worldwide. The firm's ""Family of Apps,"" its core business, consists of Facebook, Instagram, Messenger, and WhatsApp. End users can leverage these applications for a variety of different purposes, from keeping in touch with friends to following celebrities and running digital businesses for free. Meta packages customer data, gleaned from its application ecosystem and sells ads to digital advertisers. While the firm has been investing heavily in its Reality Labs business, it remains a very small part of Meta's overall sales.",Meta 是全球最大的社交媒体公司，在全球拥有近 40 亿月活跃用户。该公司的“应用家族”是其核心业务，由 Facebook、Instagram、Messenger 和 WhatsApp 组成。最终用户可以利用这些应用程序实现各种不同的目的，从与朋友保持联系到关注名人和免费运营数字业务。 Meta 打包从其应用程序生态系统收集的客户数据，并向数字广告商出售广告。尽管该公司一直在其现实实验室业务上投入巨资，但它仍然只占 Meta 整体销售额的很小一部分。,Polygon,2026-06-23T18:29:36
MNST,Monster Beverage Corporation,stocks,MNST,us,XNAS,usd,89331260767.40001,BOTTLED & CANNED SOFT DRINKS & CARBONATED WATERS,https://www.monsterbevcorp.com,"Monster Beverage is a leader in the energy drink category within the nonalcoholic ready-to-drink beverage market, generating two-thirds of revenue in the US and Canada. The well-known Monster trademark includes brands such as Monster Energy, Monster Ultra, Java Monster, and Juice Monster. The firm also owns other energy drink brands, such as Reign, NOS, Burn, Bang, and Mother, and brews and distributes beers and flavored malt beverages following the acquisition of a craft brewer in 2022. Monster controls branding and innovation but outsources beverage manufacturing and packaging to co-packers and finished goods distribution to bottlers in the global Coca-Cola system (pursuant to a 20-year agreement inked in 2015). Coke is the largest shareholder of Monster, owning a 20% stake.",Monster Beverage 是非酒精即饮饮料市场中能量饮料品类的领导者，约三分之二收入来自美国和加拿大。知名 Monster 品牌包括 Monster Energy、Monster Ultra、Java Monster 和 Juice Monster。公司还拥有 Reign、NOS、Burn、Bang、Mother 等能量饮料品牌，并在 2022 年收购精酿啤酒商后进入啤酒和调味麦芽饮料领域。,Polygon,2026-06-23T18:29:36
MPWR,"Monolithic Power Systems, Inc.",stocks,MPWR,us,XNAS,usd,76824581000.0,SEMICONDUCTORS & RELATED DEVICES,https://www.monolithicpower.com,"Monolithic Power Systems is an analog and mixed-signal chipmaker specializing in power management solutions. Its mission is to reduce total energy consumption in end systems. It serves the computing, automotive, industrial, communications, and consumer end markets. MPS uses a fabless manufacturing model, partnering with third-party chip foundries to host its proprietary BCD process technology.",Monolithic Power Systems 是一家专门从事电源管理解决方案的模拟和混合信号芯片制造商。其使命是减少终端系统的总能耗。它服务于计算、汽车、工业、通信和消费终端市场。 MPS 采用无晶圆厂制造模式，与第三方芯片代工厂合作，采用其专有的 BCD 工艺技术。,Polygon,2026-06-23T18:29:36
MRVL,"Marvell Technology, Inc. Common Stock",stocks,MRVL,us,XNAS,usd,271695384000.0,SEMICONDUCTORS & RELATED DEVICES,https://www.marvell.com,"Marvell Technology is a fabless chip designer focused on wired networking, where it has the second-highest market share. Marvell serves the data center, carrier, enterprise, and consumer end markets with processors, optical and copper transceivers, switches, and storage controllers.",Marvell Technology 是一家专注于有线网络的无晶圆厂芯片设计公司，在该领域拥有第二高的市场份额。 Marvell 通过处理器、光纤和铜缆收发器、交换机和存储控制器为数据中心、运营商、企业和消费者终端市场提供服务。,Polygon,2026-06-23T18:29:36
MSFT,Microsoft Corp,stocks,MSFT,us,XNAS,usd,2818348126697.5996,SERVICES-PREPACKAGED SOFTWARE,https://www.microsoft.com,"Microsoft develops and licenses consumer and enterprise software. It is known for its Windows operating systems and Office productivity suite. The company is organized into three equally sized broad segments: productivity and business processes (legacy Microsoft Office, cloud-based Office 365, Exchange, SharePoint, Skype, LinkedIn, Dynamics), intelligence cloud (infrastructure- and platform-as-a-service offerings Azure, Windows Server OS, SQL Server), and more personal computing (Windows Client, Xbox, Bing search, display advertising, and Surface laptops, tablets, and desktops).",Microsoft 开发并许可消费者和企业软件。它以其 Windows 操作系统和 Office 生产力套件而闻名。该公司分为三个规模相同的主要部门：生产力和业务流程（传统 Microsoft Office、基于云的 Office 365、Exchange、SharePoint、Skype、LinkedIn、Dynamics）、智能云（基础设施和平台即服务产品 Azure、Windows Server OS、SQL Server）以及更多个人计算（Windows 客户端、Xbox、Bing 搜索、展示广告以及 Surface 笔记本电脑、平板电脑和台式机）。,Polygon,2026-06-23T18:29:36
MSTR,Strategy Inc Common Stock Class A,stocks,MSTR,us,XNAS,usd,39954191398.11,FINANCE SERVICES,https://www.strategy.com,"Strategy Inc is a bitcoin treasury company and a provider of business intelligence services. It is designed to provide investors varying degrees of economic exposure to Bitcoin by offering a range of securities, including equity and fixed-income instruments. The company also provides industry AI-powered enterprise analytics software. It has one reportable operating segment: the Software Business, which is engaged in the design, development, marketing, and sales of the company's enterprise analytics software platform through cloud subscriptions and licensing arrangements and related services (i.e., product support, consulting, and education). Geographically, the company operates in EMEA, U.S. and Other Regions, of which maximum revenue is derived from U.S..",Strategy Inc 是一家比特币财务公司和商业智能服务提供商。它旨在通过提供一系列证券（包括股票和固定收益工具）为投资者提供不同程度的比特币经济风险。该公司还提供行业人工智能驱动的企业分析软件。它有一个可报告的运营部门：软件业务，通过云订阅和许可安排以及相关服务（即产品支持、咨询和教育）从事公司企业分析软件平台的设计、开发、营销和销售。从地域上看，该公司在欧洲、中东和非洲、美国和其他地区开展业务，其中最大收入来自美国。,Polygon,2026-06-23T18:29:36
MU,"Micron Technology, Inc.",stocks,MU,us,XNAS,usd,1278839136493.49,SEMICONDUCTORS & RELATED DEVICES,https://www.micron.com,"Micron is one of the largest semiconductor companies in the world, specializing in memory and storage chips. Its primary revenue stream comes from dynamic random access memory, or DRAM, and it also has minority exposure to not-and or NAND, flash chips. Micron serves a global customer base, selling chips into data centers, mobile phones, consumer electronics, and industrial and automotive applications. The firm is vertically integrated.",Micron 是全球最大的半导体公司之一，专注于内存和存储芯片。公司主要收入来自 DRAM 动态随机存取存储器，同时也有 NAND 闪存芯片敞口。Micron 面向全球客户销售芯片，应用覆盖数据中心、手机、消费电子、工业和汽车等领域，并采用垂直整合模式。,Polygon,2026-06-23T18:29:36
NBIS,Nebius Group N.V. Class A Ordinary Shares,stocks,NBIS,us,XNAS,usd,72790073237.86,,https://www.group.nebius.com,"Nebius is a vertically integrated cloud provider focusing on AI and high-performance computing. It is a carve-out of the previous Russian tech firm Yandex, following the Russian sanctions since the Ukraine-Russia war. Nebius designs and operates its own data centers and servers across Europe and the US, with a total capacity of several hundred megawatts. In September 2025, Microsoft became a major Nebius client under a multiyear $17 billion revenue agreement to provide computing capacity.",Nebius 是一家垂直整合的云服务提供商，聚焦 AI 和高性能计算。公司由原俄罗斯科技公司 Yandex 分拆而来，背景与俄乌战争后的制裁和业务重组有关。Nebius 在欧洲和美国设计并运营自有数据中心和服务器，总容量达到数百兆瓦。2025 年 9 月，微软成为其重要客户，双方签署多年期、约 170 亿美元算力容量协议。,Polygon,2026-06-23T18:29:36
NFLX,NetFlix Inc,stocks,NFLX,us,XNAS,usd,325831590096.63995,SERVICES-VIDEO TAPE RENTAL,https://www.netflix.com,"Netflix's relatively simple business model involves only one business, its streaming service. It has the biggest television entertainment subscriber base in both the United States and the collective international market, with more than 300 million subscribers globally. Netflix has exposure to nearly the entire global population outside of China. The firm has traditionally avoided a regular slate of live programming or sports content, instead focusing on on-demand access to episodic television, movies, and documentaries. The firm introduced ad-supported subscription plans in 2022, giving the firm exposure to the advertising market in addition to the subscription fees that have historically accounted for nearly all its revenue.",Netflix相对简单的商业模式只涉及一项业务，即流媒体服务。它拥有美国和国际市场上最大的电视娱乐用户群，全球用户数量超过 3 亿。 Netflix 几乎覆盖了中国以外的全球所有人。该公司传统上避免定期播放现场节目或体育内容，而是专注于点播电视剧、电影和纪录片。该公司于 2022 年推出了广告支持的订阅计划，除了历史上几乎占其全部收入的订阅费之外，还使该公司能够涉足广告市场。,Polygon,2026-06-23T18:29:36
NVDA,Nvidia Corp,stocks,NVDA,us,XNAS,usd,5103122490000.0,SEMICONDUCTORS & RELATED DEVICES,https://www.nvidia.com,"Nvidia is a leading developer of graphics processing units. Traditionally, GPUs were used to enhance the experience on computing platforms, most notably in gaming applications on PCs. GPU use cases have since emerged as important semiconductors used in artificial intelligence to run large language models. Nvidia not only offers AI GPUs, but also a software platform, Cuda, used for AI model development and training. Nvidia is also expanding its data center networking solutions, helping to tie GPUs together to handle complex workloads.",Nvidia 是图形处理单元的领先开发商。传统上，GPU 用于增强计算平台的体验，尤其是在 PC 上的游戏应用程序中。此后，GPU 用例已成为人工智能中用于运行大型语言模型的重要半导体。 Nvidia不仅提供AI GPU，还提供用于AI模型开发和训练的软件平台Cuda。 Nvidia 还在扩展其数据中心网络解决方案，帮助将 GPU 捆绑在一起以处理复杂的工作负载。,Polygon,2026-06-23T18:29:36
NXPI,NXP Semiconductors N.V.,stocks,NXPI,us,XNAS,usd,79091614918.33,SEMICONDUCTORS & RELATED DEVICES,https://www.nxp.com,"NXP Semiconductors is a leading supplier of high-performance mixed-signal products. The firm acquired Freescale Semiconductor in 2015 and now has significant market share in the automotive market, where it supplies microcontrollers and analog chips into automotive clusters, powertrains, infotainment systems, and radars. NXP Semiconductors also serves industrial and Internet of Things, mobile, and communications infrastructure.",恩智浦半导体是高性能混合信号产品的领先供应商。该公司于 2015 年收购了飞思卡尔半导体，目前在汽车市场拥有巨大的市场份额，为汽车仪表组、动力总成、信息娱乐系统和雷达提供微控制器和模拟芯片。恩智浦半导体还为工业和物联网、移动和通信基础设施提供服务。,Polygon,2026-06-23T18:29:36
ODFL,Old Dominion Freight Line,stocks,ODFL,us,XNAS,usd,45969309274.32,TRUCKING (NO LOCAL),https://www.odfl.com,"Old Dominion Freight Line is the second-largest less-than-truckload carrier in the United States (following FedEx Freight), with roughly 260 service centers and 11,000-plus tractors. It is one of the most disciplined and efficient providers in the trucking industry, and its profitability and capital returns are well above those of its peers. Strategic initiatives focus on increasing network density through market-share gains and on maintaining industry-leading service (including ultralow cargo claims) through steadfast infrastructure investment.","Old Dominion Freight Line 是美国第二大零担承运商（仅次于 FedEx Freight），拥有大约 260 个服务中心和 11,000 多台拖拉机。它是卡车运输行业最守纪律、最高效的供应商之一，其盈利能力和资本回报率远高于同行。战略举措的重点是通过增加市场份额来提高网络密度，并通过坚定的基础设施投资来维持行业领先的服务（包括超低货物索赔）。",Polygon,2026-06-23T18:29:36
ORLY,"O'Reilly Automotive, Inc.",stocks,ORLY,us,XNAS,usd,71965617460.36,RETAIL-AUTO & HOME SUPPLY STORES,https://www.oreillyauto.com,"Founded in 1957, O'Reilly Auto Parts is one of the largest specialty retailers of automotive aftermarket parts, tools, supplies, equipment, and accessories, serving both DIY and professional customers. The company operates nearly 6,600 stores across 48 US states, Puerto Rico, Mexico, and Canada. In fiscal 2025, O'Reilly generated nearly $18 billion in sales, with its dual market strategy yielding a balanced revenue mix, split between retail DIY customers (49%) and professional service orders (49%). The balance of its sales is derived from noncore categories, including wholesale distribution to independent parts distributors, heavy-shop equipment sales, and value-added services.","O'Reilly Auto Parts 成立于 1957 年，是最大的汽车售后零件、工具、用品、设备和配件专业零售商之一，为 DIY 和专业客户提供服务。该公司在美国 48 个州、波多黎各、墨西哥和加拿大经营着近 6,600 家商店。 2025 财年，O'Reilly 实现了近 180 亿美元的销售额，其双市场战略产生了平衡的收入组合，分为零售 DIY 客户 (49%) 和专业服务订单 (49%)。其销售余额来自非核心类别，包括向独立零部件经销商的批发分销、大型设备销售和增值服务。",Polygon,2026-06-23T18:29:36
PANW,"Palo Alto Networks, Inc. Common Stock",stocks,PANW,us,XNAS,usd,234540699999.99997,"COMPUTER PERIPHERAL EQUIPMENT, NEC",https://www.paloaltonetworks.com,"Palo Alto Networks is a platform-based cybersecurity vendor with product offerings covering network security, cloud security, and security operations. The California-based firm has more than 80,000 enterprise customers across the world, including more than three-fourths of the Global 2000.","Palo Alto Networks 是一家基于平台的网络安全供应商，其产品涵盖网络安全、云安全和安全运营。这家总部位于加利福尼亚州的公司在全球拥有超过 80,000 家企业客户，其中超过四分之三是全球 2000 强企业客户。",Polygon,2026-06-23T18:29:36
PAYX,Paychex Inc,stocks,PAYX,us,XNAS,usd,35198496149.439995,"SERVICES-ENGINEERING, ACCOUNTING, RESEARCH, MANAGEMENT",https://www.paychex.com,"Paychex is a cloud-based human capital management provider offering payroll, compliance, talent management, benefits administration, and retirement services. The firm also provides HR outsourcing services, including professional employer organization, or PEO, offerings, enabling clients to reduce HR overhead. Paychex primarily targets small and midsize businesses, although its acquisition of Paycor in 2025 signals the firm's aspirations to expand into the midmarket segment, serving firms with more than 100 employees. As of fiscal 2025, Paychex has approximately 800,000 clients and manages payroll for one in 11 workers in the United States.","Paychex 是一家基于云的人力资本管理提供商，提供薪资、合规性、人才管理、福利管理和退休服务。该公司还提供人力资源外包服务，包括专业雇主组织（PEO）产品，使客户能够减少人力资源开销。 Paychex 主要针对中小型企业，尽管其于 2025 年收购 Paycor 表明该公司渴望扩展到中端市场，为员工超过 100 名的公司提供服务。截至 2025 财年，Paychex 拥有约 800,000 名客户，并为美国十分之一的员工管理工资。",Polygon,2026-06-23T18:29:36
PCAR,Paccar Inc,stocks,PCAR,us,XNAS,usd,62601746939.55,MOTOR VEHICLES & PASSENGER CAR BODIES,https://www.paccar.com,"Paccar is a leading manufacturer of medium- and heavy-duty trucks under the premium nameplates Kenworth and Peterbilt, which are primarily sold in the Americas and Australia, and DAF, which primarily services Europe and South America. The trucks segment (74% sales) goes to market through a network of 2,200 independent dealers. Paccar maintains an internal finance subsidiary that provides retail and wholesale financing for customers and dealers (6% sales). In recent years, Paccar has aggressively expanded its parts business (20% of sales), including engines, axles, and transmissions for its own truck brands as well as independent producers. The company commands 30% of the Class 8 market share in North America and 15% of the heavy-duty market share in Europe.","帕卡是中型和重型卡车的领先制造商，其优质品牌为 Kenworth 和 Peterbilt，主要销往美洲和澳大利亚；DAF 主要为欧洲和南美提供服务。卡车细分市场（74% 的销售额）通过 2,200 家独立经销商网络进入市场。帕卡设有一家内部财务子公司，为客户和经销商提供零售和批发融资（销售额的 6%）。近年来，帕卡积极拓展其零部件业务（占销售额的 20%），包括为其自有卡车品牌以及独立生产商提供发动机、车轴和变速箱。该公司在北美占有 30% 的 8 级市场份额，在欧洲占有 15% 的重型市场份额。",Polygon,2026-06-23T18:29:36
PDD,PDD Holdings Inc. American Depositary Shares,stocks,PDD,us,XNAS,usd,113245422516.72,,https://www.pddholdings.com,"PDD Holdings operates commerce businesses globally. Its main operations are Pinduoduo, a social commerce platform in China, and Temu, a global e-commerce marketplace. PDD also has a community group purchase business in China. PDD has built a network of sourcing, logistics, and fulfillment capabilities that support its underlying businesses. PDD has also started its first-party brand business for global markets.",PDD Holdings 在全球范围内经营商业业务。其主要业务是中国社交商务平台拼多多和全球电子商务市场特木。拼多多在中国也有社区团购业务。 PDD 建立了一个支持其基础业务的采购、物流和履行能力网络。 PDD也已开始面向全球市场的第一方品牌业务。,Polygon,2026-06-23T18:29:36
PEP,"PepsiCo, Inc.",stocks,PEP,us,XNAS,usd,194108436096.30002,BEVERAGES,https://www.pepsico.com,"PepsiCo is a global leader in snacks and beverages, owning well-known household brands including Pepsi, Mountain Dew, Gatorade, Lay's, Cheetos, and Doritos, among others. The company dominates the global savory snacks market and also ranks as the second-largest beverage provider in the world (behind Coca-Cola) with diversified exposure to carbonated soft drinks, or CSD, as well as water, sports, and energy drink offerings. Convenience foods account for approximately 58% of its total revenue, with beverages making up the rest. Pepsi owns the bulk of its manufacturing and distribution capacity in the US, but uses bottlers overseas for beverages. International markets made up 41% of total sales and 46% of operating profits before corporate expenses in 2025.",百事公司是全球零食和饮料领域的领导者，拥有百事可乐、激浪、佳得乐、乐事、奇多、多力多滋等家喻户晓的品牌。该公司在全球咸味零食市场占据主导地位，也是全球第二大饮料供应商（仅次于可口可乐），业务多元化，涉及碳酸软饮料（CSD）以及水、运动和能量饮料产品。方便食品约占其总收入的58%，其余为饮料。百事可乐在美国拥有大部分制造和分销能力，但使用海外装瓶商来生产饮料。 2025 年，国际市场占总销售额的 41%，占公司费用前营业利润的 46%。,Polygon,2026-06-23T18:29:36
PLTR,Palantir Technologies Inc. Class A Common Stock,stocks,PLTR,us,XNAS,usd,307982669685.19,SERVICES-PREPACKAGED SOFTWARE,https://www.palantir.com,"Palantir is an artificial intelligence, analytics, and automated decision-making company that leverages data to drive efficiency across its clients' organizations. The firm serves commercial and government clients via its Foundry and Gotham platforms, respectively. Palantir works only with entities in Western-allied nations and reserves the right not to work with anyone that is antithetical to Western values. The company was founded in 2003 and went public in 2020.",Palantir 是一家人工智能、分析和自动化决策公司，利用数据提高客户组织的效率。该公司分别通过其 Foundry 和 Gotham 平台为商业和政府客户提供服务。 Palantir 仅与西方盟国的实体合作，并保留不与任何与西方价值观相反的人合作的权利。公司成立于2003年，2020年上市。,Polygon,2026-06-23T18:29:36
PYPL,"PayPal Holdings, Inc. Common Stock",stocks,PYPL,us,XNAS,usd,37498304507.43,"SERVICES-BUSINESS SERVICES, NEC",https://www.paypal.com,"PayPal was spun off from eBay in 2015 and provides electronic payment solutions to merchants and consumers, with a focus on online transactions. The company had 439 million active accounts at the end of 2025. The company also owns Venmo, a person-to-person payment platform.",PayPal 于 2015 年从 eBay 分拆出来，为商家和消费者提供电子支付解决方案，重点关注在线交易。截至 2025 年底，该公司拥有 4.39 亿活跃账户。该公司还拥有个人对个人支付平台 Venmo。,Polygon,2026-06-23T18:29:36
QCOM,Qualcomm Inc,stocks,QCOM,us,XNAS,usd,238319940000.0,RADIO & TV BROADCASTING & COMMUNICATIONS EQUIPMENT,https://www.qualcomm.com,"Qualcomm develops and licenses wireless technology and designs chips for smartphones. The company's key patents revolve around CDMA and OFDMA technologies, which are standards in wireless communications that are the backbone of all 3G, 4G, and 5G networks. Qualcomm's IP is licensed by virtually all wireless device makers. The firm is also the world's largest wireless chip vendor, supplying nearly every premier handset maker with leading-edge processors. Qualcomm also sells RF-front end modules into smartphones, as well as chips into automotive and Internet of Things markets.",高通开发并授权无线技术并设计智能手机芯片。该公司的关键专利围绕 CDMA 和 OFDMA 技术，这些技术是无线通信标准，是所有 3G、4G 和 5G 网络的支柱。几乎所有无线设备制造商都获得了高通 IP 的许可。该公司还是全球最大的无线芯片供应商，为几乎所有顶级手机制造商提供领先的处理器。高通还向智能手机销售射频前端模块，并向汽车和物联网市场销售芯片。,Polygon,2026-06-23T18:29:36
QQQ,"Invesco QQQ Trust, Series 1",stocks,QQQ,us,XNAS,usd,,,,,"QQQ（Invesco QQQ Trust, Series 1）是一家在 XNAS 交易的上市公司，Polygon 将其行业归类为 未披露行业，当前市值暂无市值数据。当前 Polygon 未提供详细业务描述。",Polygon,2026-06-23T18:29:36
REGN,Regeneron Pharmaceuticals Inc,stocks,REGN,us,XNAS,usd,63945519178.08001,PHARMACEUTICAL PREPARATIONS,https://www.regeneron.com,"Regeneron Pharmaceuticals discovers, develops, and commercializes products that fight eye disease, cardiovascular disease, cancer, and inflammation. The company has several marketed products, including low-dose Eylea and Eylea HD, approved for wet age-related macular degeneration and other eye diseases; Dupixent in immunology; Praluent for LDL cholesterol lowering; Libtayo in oncology; Kevzara in rheumatoid arthritis; and Lynozyfic for multiple myeloma. Regeneron has multiple partnerships and collaboration agreements, with Sanofi (Dupixent, others) and Bayer (Eylea) as its largest partners.",Regeneron Pharmaceuticals 发现、开发和商业化抗眼病、心血管疾病、癌症和炎症的产品。该公司有多款已上市产品，包括低剂量Eylea和Eylea HD，获批用于治疗湿性年龄相关性黄斑变性和其他眼部疾病；免疫学领域的 Dupixent； Praluent 有助于降低 LDL 胆固醇； Libtayo 肿瘤学； Kevzara 治疗类风湿性关节炎；和 Lynozyfic 用于治疗多发性骨髓瘤。 Regeneron 拥有多项合作伙伴关系和合作协议，其中赛诺菲（Dupixent 等）和拜耳（Eylea）是其最大的合作伙伴。,Polygon,2026-06-23T18:29:36
RKLB,Rocket Lab Corporation Common Stock,stocks,RKLB,us,XNAS,usd,67005560069.0,GUIDED MISSILES & SPACE VEHICLES & PARTS,https://www.rocketlabusa.com,"Rocket Lab Corp is engaged in space, building rockets, and spacecraft. It provides end-to-end mission services that provide frequent and reliable access to space for civil, defense, and commercial markets. It designs and manufactures the Electron and Neutron launch vehicles and Photon satellite platform. Rocket Lab's Electron launch vehicle has delivered multiple satellites to orbit for private and public sector organizations, enabling operations in national security, scientific research, space debris mitigation, Earth observation, climate monitoring, and communications. The business operates in two segments Launch Services and Space Systems. Geographically it serves Japan, and rest of the world and earns key revenue from the United States.",Rocket Lab Corp 从事太空、火箭和航天器制造业务。它提供端到端的任务服务，为民用、国防和商业市场提供频繁、可靠的太空访问。它设计和制造电子和中子运载火箭以及光子卫星平台。火箭实验室的电子运载火箭已为私营和公共部门组织将多颗卫星送入轨道，支持国家安全、科学研究、空间碎片缓解、地球观测、气候监测和通信等领域的运营。该业务分为发射服务和空间系统两个部门。从地理上讲，它为日本和世界其他地区提供服务，并从美国获得主要收入。,Polygon,2026-06-23T18:29:36
ROP,"Roper Technologies, Inc. Common Stock",stocks,ROP,us,XNAS,usd,33328462396.545,"INDUSTRIAL INSTRUMENTS FOR MEASUREMENT, DISPLAY, AND CONTROL",https://www.ropertech.com,"Roper Technologies is a holding company focused on acquiring, managing, and developing niche market-leading technology businesses. The company operates a decentralized business model whereby each portfolio company operates independently from the others. Roper positions itself as a free cash flow compounder, whereby excess free cash flow generated by its portfolio businesses is repatriated to the parent company, which is then utilized to acquire additional businesses. Presently, the company operates 30 distinct businesses with over three-fourths of the revenue coming from software products and over two-thirds of revenue coming from recurring and reoccurring sources.",Roper Technologies 是一家控股公司，专注于收购、管理和开发利基市场领先的技术业务。该公司采用分散的业务模式，每个投资组合公司独立于其他公司运营。罗博将自己定位为自由现金流混合公司，其投资组合业务产生的多余自由现金流将被汇回母公司，然后用于收购其他业务。目前，该公司经营着 30 项不同的业务，超过四分之三的收入来自软件产品，超过三分之二的收入来自经常性和经常性来源。,Polygon,2026-06-23T18:29:36
ROST,Ross Stores Inc,stocks,ROST,us,XNAS,usd,74677834492.8,RETAIL-FAMILY CLOTHING STORES,https://www.rossstores.com,"Ross Stores, founded in 1982, is a US-focused off-price apparel and home fashion retailer operating more than 2,100 stores across 43 states, primarily under the Ross Dress for Less banner, with a smaller footprint through dd's Discounts. In fiscal 2025, the company generated over $22 billion in sales. Ross offers branded apparel, footwear, accessories, and home goods at a 20%-60% discount to department and specialty store prices, sourcing closeouts and excess inventory from vendors worldwide.","Ross Stores 成立于 1982 年，是一家专注于美国的低价服装和家居时尚零售商，在 43 个州经营着 2,100 多家商店，主要以 Ross Dress for Less 为品牌，通过 dd's Discounts 经营规模较小。 2025 财年，该公司销售额超过 220 亿美元。 Ross 以比百货商店和专卖店价格 20%-60% 的折扣出售品牌服装、鞋类、配饰和家居用品，并从世界各地的供应商处采购清仓货和过剩库存。",Polygon,2026-06-23T18:29:36
SBUX,Starbucks Corp,stocks,SBUX,us,XNAS,usd,114710805000.0,RETAIL-EATING & DRINKING PLACES,https://www.starbucks.com,"Starbucks stands out as the world's biggest and most recognizable coffee brand, powered by ultracustomizable beverages in-store and a sweeping footprint of nearly 41,000 cafes in over 80 countries. About 52% are company-operated, with the balance run by licensees. The company operates roasteries and sells across its North America (74% of revenue as of the end of fiscal 2025), international (21%), and channel development (5%) segments. The brand collects revenue from company-operated stores, licensee royalties, equipment and product sales, retail ready-to-drink beverages, and packaged coffee.","星巴克凭借店内超定制饮料以及遍及 80 多个国家的近 41,000 家咖啡馆的业务，成为全球最大、最知名的咖啡品牌。大约 52% 由公司运营，其余由被许可人运营。该公司经营烘焙厂并在北美（截至 2025 财年末占收入的 74%）、国际（21%）和渠道开发（5%）部门进行销售。该品牌的收入来自公司经营的商店、被许可人特许权使用费、设备和产品销售、零售即饮饮料和包装咖啡。",Polygon,2026-06-23T18:29:36
SHOP,Shopify Inc. Class A subordinate voting shares,stocks,SHOP,us,XNAS,usd,141249704298.5,SERVICES-PREPACKAGED SOFTWARE,https://www.shopify.com,"Shopify offers an e-commerce platform primarily to small and medium-size businesses. The firm has two segments. The subscription solutions segment allows Shopify merchants to conduct e-commerce on a variety of platforms, including the company's website, physical stores, pop-up stores, kiosks, social networks (Facebook), and Amazon. The merchant solutions segment offers add-on products for the platform that facilitate e-commerce and include Shopify Payments, Shopify Shipping, and Shopify Capital.",Shopify 主要为中小型企业提供电子商务平台。该公司有两个部门。订阅解决方案部门允许 Shopify 商家在各种平台上开展电子商务，包括公司网站、实体店、快闪店、信息亭、社交网络 (Facebook) 和亚马逊。商家解决方案部门为该平台提供促进电子商务的附加产品，包括 Shopify Payments、Shopify Shipping 和 Shopify Capital。,Polygon,2026-06-23T18:29:36
SNDK,Sandisk Corporation Common Stock,stocks,SNDK,us,XNAS,usd,323539098790.5,COMPUTER STORAGE DEVICES,https://www.sandisk.com,"Sandisk is one of the five largest suppliers of NAND flash memory semiconductors globally. Sandisk is vertically integrated, producing substantially all of its flash chips at manufacturing sites across Japan via a joint-venture framework with Kioxia. Sandisk then repackages most of its chips into SSDs for consumer electronics, external storage, or cloud storage. Sandisk was formerly a piece of Western Digital for nine years (after being acquired in 2016) and was spun off as an independent company in 2025.",Sandisk 是全球五大 NAND 闪存半导体供应商之一。公司采用垂直整合模式，通过与 Kioxia 的合资框架，在日本制造基地生产几乎全部闪存芯片。随后 Sandisk 将多数芯片重新封装成面向消费电子、外部存储和云存储的 SSD。Sandisk 曾在 2016 年被 Western Digital 收购，并在 2025 年分拆为独立公司。,Polygon,2026-06-23T18:29:36
SNPS,Synopsys Inc,stocks,SNPS,us,XNAS,usd,87220747330.75,SERVICES-PREPACKAGED SOFTWARE,https://www.synopsys.com,"Synopsys is a provider of electronic design automation software and intellectual property products. EDA software automates and aids in the chip design process, enhancing design accuracy, productivity, and complexity in a full-flow end-to-end solution. Synopsys' comprehensive portfolio is benefiting from a convergence of semiconductor companies moving up the stack of technologies toward systems-like companies, and systems companies moving down-stack toward in-house chip design. The resulting expansion in EDA customers alongside secular digitalization of various end markets benefits EDA vendors like Synopsys.",Synopsys 是一家电子设计自动化软件和知识产权产品提供商。 EDA 软件可自动化并辅助芯片设计过程，提高全流程端到端解决方案的设计准确性、生产率和复杂性。新思科技全面的产品组合受益于半导体公司向系统型公司提升技术堆栈，以及向内部芯片设计向下堆栈的系统公司的融合。由此带来的 EDA 客户规模的扩大以及各种终端市场的长期数字化有利于 Synopsys 等 EDA 供应商。,Polygon,2026-06-23T18:29:36
STX,Seagate Technology Holdings PLC Ordinary Shares (Ireland),stocks,STX,us,XNAS,usd,242141802106.68,COMPUTER STORAGE DEVICES,https://www.seagate.com,"Seagate Technology is a leading supplier of hard disk drives for data storage to the enterprise and consumer markets. It forms a practical duopoly in the market with its chief rival, Western Digital; they are both vertically integrated.",Seagate Technology 是面向企业和消费市场的数据存储硬盘驱动器主要供应商。公司与主要竞争对手 Western Digital 在硬盘市场形成事实上的双寡头格局，两家公司都采用垂直整合模式。,Polygon,2026-06-23T18:29:36
TER,"Teradyne, Inc. Common Stock",stocks,TER,us,XNAS,usd,68552943583.04,INSTRUMENTS FOR MEAS & TESTING OF ELECTRICITY & ELEC SIGNALS,https://www.teradyne.com,"Teradyne provides testing equipment, including automated test equipment for semiconductors, system testing for hard disk drives, circuit boards, and electronics systems, and wireless testing for devices. The firm entered the industrial automation market in 2015 and sells collaborative and autonomous robots for factory applications. Teradyne serves numerous end markets and geographies, directly and indirectly, through its products, but its most significant exposure is to semiconductor testing. Teradyne serves vertically integrated, fabless, and foundry chipmakers with its equipment.",Teradyne 提供测试设备，包括半导体自动测试设备、硬盘系统测试、电路板和电子系统测试，以及无线设备测试。公司在 2015 年进入工业自动化市场，销售用于工厂应用的协作机器人和自主机器人。Teradyne 服务多个终端市场和地区，但最重要的敞口仍是半导体测试，客户包括 IDM、无晶圆厂和晶圆代工芯片制造商。,Polygon,2026-06-23T18:29:36
TMUS,"T-Mobile US, Inc.",stocks,TMUS,us,XNAS,usd,196604130937.38998,RADIOTELEPHONE COMMUNICATIONS,https://www.t-mobile.com,"Deutsche Telekom merged its T-Mobile USA unit with prepaid specialist MetroPCS in 2013, and that firm merged with Sprint in 2020, creating the second-largest wireless carrier in the US. T-Mobile now serves about 86 million postpaid and 26 million prepaid phone customers, equal to around 30% of the US retail wireless market. The firm entered the fixed-wireless broadband market aggressively in 2021 and now serves 8 million residential and business customers with its wireless network. It also serves 1 million fiber broadband customers through joint ventures with fiber network owners. T-Mobile owns a stake in these firms, which provide wholesale access to their networks. In addition, T-Mobile provides wholesale services to wireless resellers.","德国电信于 2013 年将其 T-Mobile USA 部门与预付费专业公司 MetroPCS 合并，该公司于 2020 年与 Sprint 合并，创建了美国第二大无线运营商。 T-Mobile 目前为大约 8,600 万后付费和 2,600 万预付费电话客户提供服务，相当于美国零售无线市场的 30% 左右。该公司于 2021 年积极进军固定无线宽带市场，目前通过其无线网络为 800 万住宅和企业客户提供服务。它还通过与光纤网络所有者的合资企业为 100 万光纤宽带客户提供服务。 T-Mobile 拥有这些公司的股份，这些公司提供对其网络的批发访问。此外，T-Mobile 还向无线经销商提供批发服务。",Polygon,2026-06-23T18:29:36
TRI,Thomson Reuters Corporation Common Shares,stocks,TRI,us,XNAS,usd,34303221811.46,,https://www.thomsonreuters.com,"Thomson Reuters is a leading global provider of business information services, delivering trusted data, technology, and expertise to professionals across legal, tax, accounting, risk, compliance, and the news and media sectors. Headquartered in Toronto, Canada, the company combines deep domain knowledge with data and software solutions to help clients make informed decisions, manage complexity, and drive efficiency. Thomson Reuters serves legal and accounting/tax professionals, corporations, and governments worldwide, but around 75% of revenue is generated in the US. The company is known for flagship products such as Westlaw, UltraTax CS, and Reuters News.",汤森路透是全球领先的商业信息服务提供商，为法律、税务、会计、风险、合规以及新闻和媒体领域的专业人士提供值得信赖的数据、技术和专业知识。该公司总部位于加拿大多伦多，将深厚的领域知识与数据和软件解决方案相结合，帮助客户做出明智的决策、管理复杂性并提高效率。汤森路透为全球法律和会计/税务专业人士、企业和政府提供服务，但约 75% 的收入来自美国。该公司以 Westlaw、UltraTax CS 和Reuters News 等旗舰产品而闻名。,Polygon,2026-06-23T18:29:36
TSLA,"Tesla, Inc. Common Stock",stocks,TSLA,us,XNAS,usd,1504129853096.79,MOTOR VEHICLES & PASSENGER CAR BODIES,https://www.tesla.com,"Tesla is a vertically integrated battery electric vehicle automaker and developer of real-world artificial intelligence software, which includes autonomous driving and humanoid robots. The company has multiple vehicles in its fleet, which include a midsize sedan and crossover SUV in the entry-level luxury category, a luxury light truck, and a semitruck. Tesla also runs a robotaxi service in four US metropolitan areas. Global deliveries in 2025 were nearly 1.64 million vehicles. Additionally, the company sells batteries for stationary storage for residential and commercial properties, including utilities, solar panels, and solar roofs for energy generation. Tesla also owns a fast-charging network and a US auto insurance business.",特斯拉是一家垂直整合的电池电动汽车制造商和现实世界人工智能软件开发商，其中包括自动驾驶和人形机器人。该公司拥有多辆汽车，其中包括入门级豪华车中型轿车和跨界SUV、豪华轻型卡车和半挂卡车。特斯拉还在美国四个大都市地区运营机器人出租车服务。 2025年全球交付量接近164万辆。此外，该公司还销售用于住宅和商业地产固定存储的电池，包括公用事业、太阳能电池板和用于发电的太阳能屋顶。特斯拉还拥有快速充电网络和美国汽车保险业务。,Polygon,2026-06-23T18:29:36
TTWO,Take-Two Interactive Software Inc,stocks,TTWO,us,XNAS,usd,44426319122.64,SERVICES-PREPACKAGED SOFTWARE,https://www.take2games.com,"Take-Two is one of the largest global developers and publishers of video games, with labels including Rockstar, 2K, and Zynga. Grand Theft Auto is the firm's biggest franchise, accounting for about 30% of total sales for the past decade. NBA 2K is the industry's dominant basketball video game, with Take-Two releasing a new version annually. Other notable franchises include Red Dead Redemption, Borderlands, and Civilization. Typically, more than three-fourths of the firm's sales are from in-game spending, with the remainder coming from initial game sales. Since acquiring Zynga in 2022, mobile makes up about half of total sales.",Take-Two 是全球大型游戏开发商和发行商之一，旗下品牌包括 Rockstar、2K 和 Zynga。Grand Theft Auto 是公司最大 IP，过去十年约贡献总销售额的 30%。NBA 2K 是行业领先的篮球游戏，每年推出新版本。其他重要系列包括 Red Dead Redemption、Borderlands 和 Civilization。公司多数销售来自游戏内消费，收购 Zynga 后移动端约占总销售一半。,Polygon,2026-06-23T18:29:36
TXN,Texas Instruments Incorporated,stocks,TXN,us,XNAS,usd,293832558502.26,SEMICONDUCTORS & RELATED DEVICES,https://www.ti.com,"Dallas-based Texas Instruments generates over 95% of its revenue from semiconductors and the remainder from its well-known calculators. Texas Instruments is the world's largest maker of analog chips, which are used to process real-world signals such as sound and power. Texas Instruments also has a leading market share position in processors and microcontrollers used in a wide variety of electronics applications.",总部位于达拉斯的 Texas Instruments 超过 95% 收入来自半导体，其余来自知名计算器业务。公司是全球最大的模拟芯片制造商，模拟芯片用于处理声音、电源等现实世界信号。Texas Instruments 在处理器和微控制器领域也拥有领先市场份额，产品广泛应用于各类电子设备。,Polygon,2026-06-23T18:29:36
VRTX,Vertex Pharmaceuticals Inc,stocks,VRTX,us,XNAS,usd,114626140479.70999,PHARMACEUTICAL PREPARATIONS,https://www.vrtx.com,"Vertex Pharmaceuticals is a global biotechnology company that discovers and develops small-molecule drugs for the treatment of serious diseases. Its key drugs are Kalydeco, Orkambi, Symdeko, and Trikafta/Kaftrio, and Alyftrek for cystic fibrosis, where Vertex therapies remain the standard of care globally. Vertex has diversified its portfolio through Casgevy, a gene-editing therapy for beta thalassemia and sickle-cell disease, and Journavx, a non-opioid pain medication approved for the treatment of moderate-to-severe acute pain in adults. Additionally, Vertex is evaluating small-molecule inhibitors of APOL1-mediated kidney diseases. Vertex is also investigating cell therapies to deliver a potential functional cure for type 1 diabetes.",Vertex Pharmaceuticals 是全球生物科技公司，发现并开发用于治疗严重疾病的小分子药物。其核心药物包括用于囊性纤维化的 Kalydeco、Orkambi、Symdeko、Trikafta/Kaftrio 和 Alyftrek，Vertex 疗法仍是全球标准治疗方案。公司还通过 Casgevy 基因编辑疗法、Journavx 非阿片止痛药等拓展组合，并研究 APOL1 肾病抑制剂和 1 型糖尿病细胞疗法。,Polygon,2026-06-23T18:29:36
WBD,"Warner Bros. Discovery, Inc. Series A Common Stock",stocks,WBD,us,XNAS,usd,65686981592.4,CABLE & OTHER PAY TELEVISION SERVICES,https://www.wbd.com,"Warner Bros. Discovery operates in three segments: streaming, studios, and linear networks. The streaming business includes HBO Max, which is rapidly increasing its international footprint in addition to its major presence in the US. Studios include industry leaders in both film and television, which produce movies and television series that are monetized in multiple ways, including theatrical release, sales to third parties, and feeding into Warner's own platforms. Global networks consist of basic cable networks like CNN, TNT, TBS, Discovery, HGTV, and The Food Network. The Discovery+ streaming service will remain part of global networks.",华纳兄弟探索公司分为三个部分：流媒体、工作室和线性网络。流媒体业务包括 HBO Max，除了在美国的主要业务外，该公司还在迅速扩大其国际影响力。电影公司包括电影和电视行业的行业领导者，他们制作的电影和电视剧以多种方式货币化，包括院线发行、向第三方销售以及输入华纳自己的平台。全球网络包括 CNN、TNT、TBS、Discovery、HGTV 和 The Food Network 等基本有线电视网络。 Discovery+ 流媒体服务仍将是全球网络的一部分。,Polygon,2026-06-23T18:29:36
WDAY,"Workday, Inc. Class A Common Stock",stocks,WDAY,us,XNAS,usd,28878608899.47,SERVICES-COMPUTER PROCESSING & DATA PREPARATION,https://www.workday.com,"Workday is a software company that offers human capital management, financial management, and business planning solutions for enterprises. Known for being a cloud-only software provider, Workday was founded in 2005 and is headquartered in Pleasanton, California.",Workday是一家为企业提供人力资本管理、财务管理和业务规划解决方案的软件公司。 Workday 以纯云软件提供商而闻名，成立于 2005 年，总部位于加利福尼亚州普莱森顿。,Polygon,2026-06-23T18:29:36
WDC,Western Digital Corp.,stocks,WDC,us,XNAS,usd,257212146616.13,COMPUTER STORAGE DEVICES,https://www.westerndigital.com,"Western Digital is a leading vertically integrated supplier of hard disk drives. The HDD market is a practical duopoly, with Western Digital and Seagate being the two largest players. Western Digital designs and manufactures its HDDs, with much of the manufacturing and workforce located in Asia. The primary consumers of HDDs are data centers.",Western Digital 是领先的垂直整合硬盘驱动器供应商。硬盘市场实际上由 Western Digital 和 Seagate 两大厂商构成双寡头格局。Western Digital 设计并制造 HDD，制造和员工布局很大一部分位于亚洲。HDD 的主要消费方是数据中心。,Polygon,2026-06-23T18:29:36
WMT,Walmart Inc. Common Stock,stocks,WMT,us,XNAS,usd,932527715382.9,RETAIL-VARIETY STORES,https://stock.walmart.com,"Since its founding in 1962, Walmart has become the world's largest retailer, operating over 10,700 stores globally (including 4,600 namesake locations on its home turf and another 600 Sam's Club outlets) and growing its e-commerce presence, attracting 270 million customers weekly. In aggregate, the firm posted more than $713 billion in fiscal 2026 sales. Its core operations span three reporting segments: Walmart US (68% of fiscal 2026 sales), Walmart International (19%), and Sam's Club (13%).Within the US, nearly 60% of its $486 billion in fiscal 2026 revenue came from its grocery offerings, with another quarter from general merchandise. Internationally, Walmart's operations are concentrated in Mexico, though it also has budding exposure to India.","自 1962 年成立以来，沃尔玛已成为全球最大的零售商，在全球经营着 10,700 多家商店（包括其本土的 4,600 家同名商店和另外 600 家山姆会员店），并不断扩大其电子商务业务，每周吸引 2.7 亿顾客。总体而言，该公司 2026 财年的销售额超过 7,130 亿美元。其核心业务涵盖三个报告部门：沃尔玛美国（占 2026 财年销售额的 68%）、沃尔玛国际（19%）和山姆会员店（13%）。在美国，其 2026 财年 4860 亿美元的收入中近 60% 来自杂货产品，另外四分之一来自日用百货。在国际上，沃尔玛的业务主要集中在墨西哥，尽管它在印度的业务也刚刚起步。",Polygon,2026-06-23T18:29:36
XEL,"Xcel Energy, Inc.",stocks,XEL,us,XNAS,usd,48324706639.6,ELECTRIC & OTHER SERVICES COMBINED,https://www.xcelenergy.com,"Xcel Energy manages utilities serving 3.9 million electric customers and 2.2 million natural gas customers in eight states. Its utilities are Northern States Power, which serves customers in Minnesota, North Dakota, South Dakota, Wisconsin, and Michigan; Public Service Company of Colorado; and Southwestern Public Service Company, which serves customers in Texas and New Mexico. It is one of the largest renewable energy suppliers in the US, with more than half of its electricity sales coming from carbon-free energy.",Xcel Energy 管理着为八个州的 390 万电力客户和 220 万天然气客户提供服务的公用事业公司。其公用事业公司是北方州电力公司，为明尼苏达州、北达科他州、南达科他州、威斯康星州和密歇根州的客户提供服务；科罗拉多州公共服务公司；西南公共服务公司，为德克萨斯州和新墨西哥州的客户提供服务。它是美国最大的可再生能源供应商之一，其一半以上的电力销售来自无碳能源。,Polygon,2026-06-23T18:29:36
